wild_avian,domestic_avian,cattle,feline,other_mammal,human,other,pet_food
great_horned_owl,pheasant,dairy_cow,cat,deer mouse,washington,mixed,pet food
common_raven,turkey,cattle,domestic_cat,house_mouse,nevada,environment,raw pet food
cooper's_hawk,chicken,cattle milk product,feral_cat,skunk,wyoming,multispecies,raw_pet_food
coopers_hawk,goose,bovine_milk,feline,striped_skunk,california,unknown,pet_food
peafowl,guinea_fowl,bovine ,domestic-cat,norway rat,michigan,',
crane,quail,bos taurus,domestic cat,ermine,colorado,-,
peregrine_falcon,duck,bovine,bobcat,harbor_seal,ohio,environmental,
barn_owl,guineafowl,dairy cow,geoffroys_cat,fox,louisiana,enviroment,
snow_goose,emu,cattle domestic dairy no breed specified,cougar,bottlenose_dolphin,british_columbia,environmental_(em)_,
heron,ostrich,dairy cattle,tiger,bear,texas,mal,
great_black-backed_gull,domestic_turkey,,serval,red_fox,antofagasta,ty,
double-crested_co,layer_chicken,,lion,macaque,chile,blow_fly,
bald_eagle,domestic_duck,,lynx,atlantic_white-sided_dolphin,sichuan,water,
red-tailed_hawk,peacock,,mountain_lion,mink,guangdong,unl,
vulture,pekin_duck,,savannah_cat,polar_bear,gx-guilin,dk,
osprey,poultry,,geoffroy's cat,dog,fujian-sanyuan,env,
tundra_swan,taiwanese_chicken,,mountain lion,black_bear,hangzhou,t_dk,
blue-winged_teal,waterfowl,,savannah cat,raccoon,castillalamancha,ch,
wood_duck,domestic_goose,,felis catus,alpaca,guangxi,est,
ruddy_duck,silkie_chicken,,panthera tigris,goat,astrakhan,go,
white-faced_ibis,ring-necked_pheasant,,leptailurus serval,swine,jiangxi,grey_go,
gadwall,broiler_breeders_chicken,,puma concolor,red fox,england,ck,
swan,layer,,lynx rufus,harbor seal,hunan,barnacle,
black_vulture,common_pheasant,,leopardus geoffroyi,house-mouse,changsha,decoy_duck,
sandhill_crane,laying_hen,,african lion,dolphin,jiangsu,house_fly,
mallard,anser_anser,,amur leopard,weasel,homo sapiens,cheese,
barred_owl,chicken_,,amur tiger,bottlenose dolphin,homo_sapiens,165,
dunlin,phasianus_colchicus,,bengal tiger,pig,mexico,147,
sanderling,broiler,,bobcat (captive),house mouse,mexico_city,162,
pigeon,hen,,canada lynx,nasua_nasua,canada,bre-ipp04799,
herring_gull,madarin_duck,,eurasian lynx,sea_lion,navarra,543635,
trumpeter_swan,chiken,,hybrid tiger (panthera),burmeisters_porpoise,catalonia,148,
red_tailed_hawk,anser,,mountain lion (captive),otaria_flavescens,copenhagen,129,
wild_duck,anser_anser_domesticus,,caracal,pinniped,sosnovyi_bor,145,
pelican,domestic-duck,,felis_catus,southern_elephant_seal,moldova,146,
blue_jay,guinea-fowl,,cheetah,south_american_sea_lion,trefeglwys,159,
european_starling,mandarin_duck,,feliformia,south_american_fur_seal,ingushetia,,
northern_pintail,mixed_domestic_anatidae,,panthera leo,chungungo,moscow-gihsn,,
greater_white-fronted_goose,duck_,,feral cat,antarctic_fur_seal,burga,,
swanson's_hawk,anas_platyrhynchos_domestica,,,mephitidae,sakhalin_oblast,,
rock_pigeon,common_peacock,,geoffroy s cat,procyon lotor,aberdare,,
common_goldeneye,rooster,,cat domestic not otherwise specified,sus scrofa,zima,,
crow,guinea,,,capra hircus,coedpoeth,,
turkey_vulture,perdicinae,,,vicugna pacos,irkutsk,,
bufflehead,numididae sp.,,,mus musculus,romania_bc,,
cooper_s_hawk,phasianinae,,,vulpes vulpes,alchevsk,,
hooded_merganser,dromaius novaehollandiae,,,neogale_vison,luxembourg,,
gallus,em,,,tibetan_blue_bear,szczecin,,
burrowing_owl,hens,,,stone_marten,romania_cj,,
wild_turkey,phoenicopterus roseus,,,common_dolphin,asturias,,
owl,galliformes,,,artic_fox,zaporizhia,,
american_wigeon,pavo,,,mustela_putorius,catania,,
common_eider,anatidae,,,polecat,iiv-moscow,,
swallow,gallus gallus,,,tanuki,tessenderlo,,
ross's_goose,numididae,,,fur_seal,vandoeuvre_les_nancy,,
red-breasted_merganser,gallus_gallus,,,porpoise_,saint-nazaire,,
glaucous_winged_gull,numida_meleagris,,,murine,madrid,,
comon_goldeneye,backyard_chicken,,,northern_fur_seal,italy,,
hawk,backyard_turkey,,,sea_otter,pwllheli,,
merganser,backyard_duck,,,ferret,arges,,
great_blue_heron,guinea fowl,,,white_mink,bordeaux,,
red-shouldered_hawk,partridge,,,ezo_red_fox,melesse,,
crested_caracara,mixed_domestic_phasianidae,,,raccoon_dog,uglich,,
green_winged_teal,numida meleagris,,,arctic-fox,zvenigovo,,
falcon,anas,,,bush_dog,inya,,
american_kestrel,anatinae,,,seal,belgorod,,
gull,struthio camelus,,,silver_fox,zhuravka,,
ring-necked_duck,gallus gallus domesticus,,,vulpes_vulpes,yaroslavl_oblast,,
wild_goose,backyard chicken,,,mustela_furo,deeside,,
gull_spp.,pekin duck,,,badger,caen,,
white_winged_scoter,backyard turkey,,,harbour_porpoise,kungalv,,
muscovy_duck,backyard duck,,,otter,haute_normandie,,
green-winged_teal,domestic turkey,,,grey_seal,tallinn,,
american_black_duck,chicken domestic no breed specified,,,blue_fox,estonia,,
black-crowned_night-heron,duck domestic not otherwise specified,,,canine,lisboa,,
avian,chicken domestic layer,,,european_polecat,gornoaltaysk,,
snowy_owl,turkey domestic grower meat type,,,coati,llangollen,,
northern_shoveler,broiler breeders chicken,,,arctic_fox,kuzher,,
american_white_pelican,domestic bird,,,opossum,nizhny_novgorod_oblast,,
common_merganser,fancy chicken,,,red-fox,nantes,,
mute_swan,taiwanese chicken,,,wild_mink,baleares,,
common_loon,layer chicken,,,coyote,tula,,
american_crow,domestic grower meat type turkey,,,gray_seal,slantsy,,
western_gull,domestic goose,,,virginia_opossum,poland,,
cackling_goose,meat-type_turkey,,,mirounga leonina,chernogorsk,,
rosss_goose,domestic grower,,,nasua nasua,guildford,,
dove,domestic duck,,,pekania pennanti,mamonovo,,
canada_goose,chicken domestic broiler meat type,,,canis lupus familiaris,kutulik,,
surf_scoter,goose domestic,,,halichoerus grypus,sw,,
ring-billed_gull,domestic chicken,,,phoca vitulina,regensburg,,
lesser_scaup,turkey domestic not otherwise specified,,,mustela lutreola,bala,,
great_egret,chicken domestic lbm byd,,,arctocephalus australis,kozmodemyansk,,
redhead,,,,mephitis mephitis,kuzhener,,
black_crowned_night_heron,,,,ursus maritimus,orel_oblast,,
short_eared_owl,,,,leucopleurus acutus,udorn,,
thayers_gull,,,,delphinus delphis,cwmbran,,
atlantic_puffin,,,,ursus americanus,albania,,
glaucous-winged_gull,,,,pinnipedia,halmstad,,
black_crowned_night-heron,,,,otaria byronia,smolensk,,
sabine's_gull,,,,otaria flavescens,khmao,,
common_murre,,,,polar bear,bavaria,,
laridae,,,,south american fur seal,dijon,,
black_skimmer,,,,south american sea lion,romania,,
gadwall_duck,,,,black bear,kalamata,,
great-tailed_grackle,,,,southern elephant seal,aberaeron,,
northern_harrier,,,,gray seal,voronezh,,
brandt_goose,,,,atlantic white-sided dolphin,chukotka,,
black_swan,,,,striped skunk,shimsk,,
swainsons_hawk,,,,black rat,permskiy_krai,,
red-necked_grebe,,,,percheron_horse,avila,,
american_green_winged_teal,,,,equine,bosnia_and_herzegovina,,
northwestern_crow,,,,quarter_horse,bor,,
black_brant,,,,horse,buzau,,
common_grackle,,,,equus_ferus_caballus,romania_ar,,
wild-bird,,,,eastern gray squirrel,oreburg,,
black_turnstone,,,,virginia opossum,romania_is,,
roseate_spoonbill,,,,wild_boar,nordrhein-westfalen,,
american_wood_stork,,,,sw,aix-en-provence,,
double-crested_cormorant,,,,,gorno-altaysk,,
scoter,,,,,galich,,
parasitic_jaeger,,,,,kurgan_oblast,,
black_scoter,,,,,bashkiria,,
american_robin,,,,,rhone_alpes,,
red_necked_phalarope,,,,,kyzyl,,
red_shouldered_hawk,,,,,swansea,,
cinnamon_teal,,,,,grozny,,
broad-winged_hawk,,,,,new_caledonia,,
greater_yellowlegs,,,,,saintpetersburg,,
common_barn_owl,,,,,romania_bb,,
dovekie,,,,,krasnodar_krai,,
wild_bird,,,,,koygorodok,,
eagle,,,,,banskabystrica,,
fish_crow,,,,,denbigh,,
grackle,,,,,bayern,,
brant,,,,,khmelnytskyi,,
common_tern,,,,,kirov,,
lesser_snow_goose,,,,,crumlin,,
magpie,,,,,lyon-chu,,
western_snowy_plover,,,,,pankovka,,
royal_tern,,,,,burry_port,,
black-billed_magpie,,,,,tywyn,,
arctic_tern,,,,,iasi,,
khaki_campbell_duck,,,,,helsingborg,,
eider,,,,,aubusson,,
red_necked_grebe,,,,,penperlleni,,
caspian_tern,,,,,hrochot,,
short_billed_gull,,,,,germany-by,,
blackbird,,,,,saint-petersburg,,
eared_grebe,,,,,grenoble,,
double_crested_cormorant,,,,,munich,,
brown_pelican,,,,,boulogne,,
black_legged_kittiwake,,,,,llantrisant,,
blue_winged_teal,,,,,belgorod_oblast,,
rough-legged_hawk,,,,,tyva,,
northern_gannet,,,,,segovia,,
bonapartes_gull,,,,,clermontferrand,,
snowy_egret,,,,,yarosavl,,
great_black-backed_gulll,,,,,toulon,,
snowy_plover,,,,,bilthoven,,
american_coot,,,,,raglan,,
white-winged_scoter,,,,,parma,,
redhead_duck,,,,,salsky_district,,
whistling_swan,,,,,caldicot,,
greater_scaup,,,,,canarias,,
broad_winged_hawk,,,,,switzerland,,
teal,,,,,chita,,
razorbill,,,,,yaroslavl,,
gannet,,,,,sassari,,
ruddy_turnstone,,,,,moscow_oblast,,
mottled_duck,,,,,llanfoist,,
short-tailed_shearwaters,,,,,cologne,,
neotropic_cormorant,,,,,altai_krai,,
raven,,,,,samara_oblast,,
manx_shearwater,,,,,ust-kut,,
rossss_goose,,,,,cannes,,
western_sandpiper,,,,,portugal,,
ferruginous_hawk,,,,,yoshkar-ola,,
california_condor,,,,,nantyffyllon,,
great_shearwater,,,,,verona,,
ruffed_grouse,,,,,turochak,,
great_grey_owl,,,,,arkhangelsk_oblast,,
merlin,,,,,iiv-ryazan,,
glaucous_gull,,,,,eng,,
lesser_white-fronted_goose,,,,,rhondda,,
rough_legged_hawk,,,,,czechrepublic,,
cormorant,,,,,krasny_luch,,
sandwich_tern,,,,,ugolnaya,,
western_screech_owl,,,,,bolzano,,
raptor,,,,,firminy,,
bar-headed_goose,,,,,llanddona,,
western_grebe,,,,,stathan,,
harriss_hawk,,,,,wurzburg,,
green_heron,,,,,chambery,,
horned_grebe,,,,,kyiv,,
corvus_ossifragus,,,,,chepstow,,
short-billed_gull,,,,,volgograd_region,,
black-legged_kittiwake,,,,,yaroslavyl,,
pintail,,,,,omsk_oblast,,
eastern_screech_owl,,,,,saint_ouen_l_aumone,,
sparrow,,,,,noyabrsk,,
california_gull,,,,,ulan-ude,,
willet,,,,,verkh-chebula,,
american_blue_winged_teal,,,,,llanbrynmair,,
franklins_gull,,,,,grangetown,,
sharp_shinned_hawk,,,,,poddorye,,
iceland_gull,,,,,nizhny_novgorod,,
great_black_backed_gull,,,,,oswestry,,
european starling,,,,,abertysswgy,,
common grackle,,,,,saint-etienne,,
rock pigeon,,,,,kalach,,
western gull,,,,,santiago_de_compostela,,
common raven,,,,,uryupinsk,,
great blue heron,,,,,n.ireland,,
american robin,,,,,lorraine,,
red-shouldered hawk,,,,,ulyanovsk,,
american wigeon,,,,,bol'shie_kolpany,,
western kingbird,,,,,galati,,
double-crested cormorant,,,,,agen,,
snowy owl,,,,,milfordhaven,,
snow goose,,,,,kostroma,,
crested caracara,,,,,sernur,,
cago,,,,,papeete,,
red-breasted merganser,,,,,khmelnitsky,,
comon-grackle,,,,,falun,,
herring gull,,,,,saint_petersburg,,
blue jay,,,,,kalmar,,
bald eagle,,,,,iiv-tomsk,,
ruddy duck,,,,,amur,,
canada goose,,,,,simpheropol,,
white-winged dove,,,,,merthyrtydfil,,
pefa,,,,,nijmegen,,
red-tailed hawk,,,,,gavle,,
wood duck,,,,,russia,,
black billed magpie,,,,,izhevsk,,
black-crowned night-heron,,,,,ulan_ude,,
white-faced ibis,,,,,hessen,,
great horned owl,,,,,sachsen-anhalt,,
trumpeter swan,,,,,stasaph,,
northern shoveler,,,,,rhineland-palatinate,,
common goldeneye,,,,,marchwiel,,
american woodcock,,,,,tarbes,,
green-winged teal,,,,,brussels,,
mallard x american black duck hybrid,,,,,norrkoping,,
ring-billed gull,,,,,kosovo,,
tundra swan,,,,,sholokhovo,,
hosp,,,,,chechnya,,
cooper's hawk,,,,,stavropol,,
barn owl,,,,,medved,,
american black duck,,,,,rhosybol,,
mute swan,,,,,veneto,,
turkey vulture,,,,,trnava,,
hooded merganser,,,,,novaya_derevnya,,
black vulture,,,,,yelo,,
house sparrow,,,,,birobidjan,,
cackling goose,,,,,surgut,,
american crow,,,,,romania_gl,,
eurasian collared dove,,,,,bucuressti,,
northern pintail,,,,,ekaterinburg,,
burrowing owl,,,,,budapest,,
sandhill crane,,,,,blagoveshchensk,,
red tailed hawk,,,,,cardiff,,
western sandpiper,,,,,tver,,
ganada goose,,,,,ammanford,,
harris hawk,,,,,novosibirsk_oblast,,
falco peregrinus,,,,,powys,,
common eider,,,,,anzhero-sudzhensk,,
great black-backed gull,,,,,khleborodnoye,,
common merganser,,,,,barry,,
house_sparrow,,,,,belgrade,,
mallard-black_duck_hybrid,,,,,gwernaffield,,
peregrine ,,,,,liverpool,,
chukar,,,,,urlu-aspak,,
tern,,,,,khanty-mansiysk,,
southern_fulmar,,,,,tyumen,,
sterna_hirundo,,,,,messina,,
wildbird-fregata-magnificens,,,,,romania546199,,
southamerican_tern,,,,,iceland,,
great_grebe,,,,,pontardawe,,
pelecanus_thagus,,,,,tuymen,,
wildbird-sula-nebouxii,,,,,yekaterinburg,,
peruvian_booby,,,,,pais_vasco,,
belcher_gull,,,,,anglesey,,
chiloe_wigeon,,,,,germany,,
buteogallus_urubitinga,,,,,llandovery,,
blackish_oystercatcher,,,,,ust-koksa,,
thalasseus_maximus,,,,,malaya_vishera,,
pelecanus,,,,,kmao,,
buff-necked_ibis,,,,,st.petersburg,,
thalasseus_acuflavidus,,,,,siena,,
megascops_choliba,,,,,mouse,,
calidris_alba,,,,,welshpool,,
peruvean_booby,,,,,fvg-gorizia,,
black-necked_swan,,,,,iiv-orenburg,,
brown_booby,,,,,henfynyw,,
procellaria_aequinoctialis,,,,,ukraine,,
franklin_gull,,,,,coleford,,
frigatebird,,,,,romania_ot,,
chilean_teal,,,,,porth,,
south_polar_skua,,,,,trikala.gr,,
elegant_tern,,,,,ynysfach,,
south_american_tern,,,,,frankfurt,,
sula_leucogaster,,,,,novgorod_oblast,,
band-tailed_gull,,,,,podporozhie,,
gray_gull,,,,,llangennech,,
great_grabe,,,,,basel,,
franklin's_gull,,,,,sergach,,
guanay_cormorant,,,,,novosibirsk,,
kelp_gull,,,,,athens.gr,,
inca_tern,,,,,gothenburg,,
pelecanus_occidentalis,,,,,llay,,
humboldt_penguin,,,,,berlin,,
pluvialis_dominica,,,,,murcia,,
antarctic_tern,,,,,ni,,
brown_skua,,,,,south_australia,,
south_georgia_shag,,,,,neath,,
athene cunicularia,,,,,sheffield,,
accipitridae,,,,,prahova,,
cairina moschata,,,,,margam,,
corvus,,,,,cahors,,
scolopax minor,,,,,kalinigrad,,
meleagris gallopavo,,,,,pontypridd,,
passer domesticus,,,,,abidjan,,
gruidae,,,,,aquitaine,,
pelecanidae,,,,,pays_de_loire,,
bubo virginianus,,,,,velikiy_novgorod,,
anser caerulescens,,,,,netherlands,,
corvus brachyrhynchos,,,,,aberystwyth,,
columba livia,,,,,cherepovets,,
turdus migratorius,,,,,pogranichnyy,,
calidris mauri,,,,,ozersk,,
gyps fulvus,,,,,bari,,
aves,,,,,porthmadog,,
ardea herodias,,,,,karasuk,,
mareca americana,,,,,tomsk_oblast,,
branta hutchinsii,,,,,ruabon,,
turdus merula,,,,,llandysul,,
branta canadensis,,,,,carmarthen,,
streptopelia decaocto,,,,,kola,,
bubo scandiacus,,,,,caerau,,
anas carolinensis,,,,,wilson-smith,,
buteo jamaicensis,,,,,holywell,,
nycticorax nycticorax,,,,,haverfordwest,,
strigidae,,,,,valence,,
columbidae,,,,,kosh-agach,,
mareca strepera,,,,,shebalino,,
tyto alba,,,,,vaxjo,,
alectoris chukar,,,,,murmansk_oblast,,
corvus corax,,,,,donetsk,,
cygnus olor,,,,,?vila,,
buteo lineatus,,,,,llanfair,,
aix sponsa,,,,,warsaw,,
cathartes aura,,,,,zony,,
zenaida asiatica,,,,,veliky_novgorod,,
anas platyrhynchos,,,,,stavropol_krai,,
haliaeetus leucocephalus,,,,,finland,,
larus occidentalis,,,,,severskaya,,
icteridae,,,,,headington,,
lophodytes cucullatus,,,,,vologda,,
common_eiders,,,,,saint-denis,,
accipiter cooperii,,,,,odessa,,
parabuteo unicinctus,,,,,komi,,
northern_fulmar,,,,,human,,
black scoter,,,,,cosenza,,
brandt goose,,,,,tula_oblast,,
surf scoter,,,,,blackwood,,
great black-backed gulll,,,,,ebbwvale,,
common loon,,,,,sarajevo,,
white-winged scoter,,,,,centre,,
corvus ossifragus,,,,,kemerovo,,
lesser scaup,,,,,slovenskalupca,,
peregrine,,,,,podporozhye,,
rock_goose,,,,,norway,,
sand_crane,,,,,orshanka,,
american_green-winged_teal,,,,,rennes,,
bonaparte's_gull,,,,,iiv-vel.novgorod,,
sharp-shinned_hawk,,,,,simferopol,,
sharp-shinned hawk,,,,,orleans,,
bonaparte's gull,,,,,alsace,,
american coot,,,,,eskilstuna,,
greater scaup,,,,,toulouse,,
snowy egret,,,,,harrow,,
barred owl,,,,,pristina,,
glaucous gull,,,,,berdigestyakh,,
rock goose,,,,,ufa,,
sand crane,,,,,roma,,
ross's goose,,,,,balashikha,,
great egret,,,,,athens,,
anas_platyrhynchos,,,,,melilla,,
brown-headed_gull,,,,,nizhni_novgorod,,
phalacrocorax_carbo,,,,,st_mellons,,
pelecanus_conspicillatus,,,,,alicante,,
rural_goose,,,,,kaliningrad_oblast,,
strix_uralensis,,,,,clermont-f.,,
european_herring_gull,,,,,severomorsk,,
golden_eagle,,,,,port_talbot,,
northem_pintail,,,,,kursk,,
towny_owel,,,,,croatia,,
chroicocephalus_ridibundus,,,,,spain,,
common_pheasant_,,,,,abergavenny,,
ardea_cinerea,,,,,abakan,,
white_stork_,,,,,clermont-ferrand,,
_rough-legged_buzzard_,,,,,badajoz,,
cygnus_atratus,,,,,torino,,
pochard_duck,,,,,cherkessk,,
larus_argentatus,,,,,guyane,,
common-kingfisher,,,,,czech_republic,,
western_barn_owl,,,,,gorseinon,,
common_guillemot,,,,,magadan_oblast,,
whooper-swan,,,,,falkland-islands,,
brant_goose,,,,,makhachkala,,
hooded_crane,,,,,naryan-mar,,
luscinia_cyane,,,,,ross-on-wye,,
oystercatcher,,,,,roath,,
perigrine_falcon,,,,,garches,,
laying-hen,,,,,kharkov,,
eurasian_eagle_owl,,,,,district_of_columbia,,
bean_goose,,,,,romania_ph,,
cormorants,,,,,enfield,,
gypaetus_barbatus,,,,,iiv-vladimir,,
pink_footed_goose,,,,,extremadura,,
buteo_buteo,,,,,rostov-on-don,,
guinea_fowl-chicken,,,,,genoa,,
green_sandpiper,,,,,beshpeltir,,
common-shelduck,,,,,kaduy,,
common-kestrel,,,,,puymirol,,
western_marsh_harrier,,,,,dunkerque,,
ichtyaetus_melanocephalus,,,,,lund,,
wild_geese,,,,,cefnybedd,,
kittiwake,,,,,glyncorrwg,,
reed_warbler,,,,,ile_de_france,,
pica_pica,,,,,bollnas,,
spot-billed_duck,,,,,kharkiv,,
pavo_cristatus,,,,,brest_armees,,
lesser_black-backed_gull_,,,,,altai_republic,,
indian_peafowl,,,,,kaluga_oblast,,
anser_albifrons,,,,,chelyabinsk,,
mediterranean_gull,,,,,kurumkan,,
painted_stork,,,,,clermont-f,,
common_buzzard_,,,,,llanfihangel_glyn_myrfyr,,
larus,,,,,baden-w?rttemberg,,
grey_goose,,,,,iiv-maykop,,
red-breasted_goose,,,,,yamalo-nenets_ao,,
black_headed_seagull,,,,,cowbridge,,
falcated_duck,,,,,lugansk,,
european_herringgull,,,,,volzhsk,,
crested_auklet,,,,,kaluga,,
common_gull_,,,,,milano,,
rhea,,,,,caerphilly,,
pelecanus_crispus,,,,,dorozhny,,
sacred-ibis,,,,,larioja,,
red-crowned_crane,,,,,baden-wuttemberg,,
gull10,,,,,nizhnynovgorod,,
tachybaptus_ruficollis,,,,,chernyshkovsky,,
jungle_crow,,,,,saratov,,
greylag_goose,,,,,wroclaw,,
eurasian_goshawk,,,,,alexandrov,,
_peregrine_falcon_,,,,,romania_dj,,
_eurasian_eagle-owl,,,,,brymbo,,
common_gull,,,,,oryol,,
sand_piper,,,,,ulyanovsk_oblast,,
greylaggoose,,,,,iiv-penza,,
common_pochard,,,,,nizhny_tagil,,
red_knot,,,,,banska_bystrica,,
anser_brachyrhynchus,,,,,saint-peresburg,,
breeding_hen,,,,,omsk,,
lapwing,,,,,banska_bytrica,,
brahma_chicken,,,,,buturlinovka,,
kestrel,,,,,bangor,,
cairina_moschata,,,,,zaporizza,,
notherngannet,,,,,cwmifor,,
black_faced_spoonbill,,,,,vologda_oblast,,
greater_rhea,,,,,denmark,,
white_peacock,,,,,cefncoed,,
lesser_auk,,,,,fvg-udine,,
anas_platyrhynchos_domesticus,,,,,campania,,
black-throated_crane,,,,,ostrava,,
numenius_arquata,,,,,olt,,
ural_owl,,,,,perm_krai,,
ornamental_bird,,,,,galve,,
aalopochen_aegyptiaca,,,,,llansamlet,,
coscoroba_swan,,,,,chirk,,
domestic-goose,,,,,padova,,
anser_cygnoides,,,,,siracusa,,
slender-billed_gull,,,,,chemal,,
white_tailed_eagle,,,,,nord_pas_de_calais,,
_european_herring_gull,,,,,romania_ct,,
spotbill_duck,,,,,grigorovo,,
rural_chicken,,,,,narberth,,
gallus_gallus_domesticus,,,,,tulun,,
common_magpie,,,,,serbia,,
mule_duck,,,,,nadym,,
corvus_monedula,,,,,medvedevo,,
pomeranian_goose,,,,,penrhyncoch,,
gull-billed_tern,,,,,elekmnar,,
eurasian-wigeon,,,,,languedoc_roussillon,,
white-fronted_goose,,,,,novoaydar,,
g_c_grebe,,,,,hovas,,
geese,,,,,limoges,,
mute-swan,,,,,tycroes,,
greater_canada_goose,,,,,shashikman,,
m_swan,,,,,sovetsky,,
korean_native_chicken,,,,,dnipro,,
great_black-headed_gull,,,,,sizyabsk,,
common_crane,,,,,caernarfon,,
mixed_wild_birds,,,,,romania546318,,
whiskered_tern,,,,,krasnoyarsk_krai,,
red-backed-hawk,,,,,cyprus,,
rural_turkey,,,,,prestatyn,,
graylag_goose,,,,,murmansk,,
tyto_alba,,,,,alingsas,,
crowned_crane_zoo,,,,,ceuta,,
emy,,,,,romania_hd,,
tawny_owl,,,,,france,,
podiceps_cristatus,,,,,hvidovre,,
larus_ridibundus,,,,,giessen,,
black_headed_gull,,,,,moscow_,,
curlew,,,,,fort-de-france,,
shoveler,,,,,gurzuf,,
dalmatian_pelican,,,,,rouen,,
little_gull,,,,,skovde,,
black-tailed_gull,,,,,saint-peterburg,,
nothern_gannet,,,,,yakutsk,,
rural_laying_hen,,,,,bacau,,
chichen,,,,,udmurtia,,
zoo_pelican,,,,,nizniy_novgorod,,
pilgrim_falcon,,,,,st_petersburg,,
little_owl,,,,,mynachlogddu,,
cygnus-columbianus,,,,,demidov,,
european_herring_gullnorway,,,,,zamora,,
p_falcon,,,,,krasnoyrsk,,
egyptian_goose,,,,,abertillery,,
cygnus-cygnus,,,,,armavir,,
anser_fabalis,,,,,stakhanov,,
bar_headed_goose,,,,,hvpr8,,
green-winged-teal,,,,,krasnoyarsk,,
herrin_gull,,,,,irkutsk_oblast,,
grey_heron_,,,,,austria,,
stork,,,,,baden-wurttemberg,,
l-bl-ba-gull,,,,,khabarovsk_krai,,
carrion_crow,,,,,pembroke_dock,,
_peregrine_falcon,,,,,sosnovo-ozerskoye,,
indian_runner_ducks,,,,,st._petersburg,,
muteswan,,,,,oslo,,
branta_leucopsis,,,,,shumerlya,,
great_crested_grebe,,,,,iiv-yaroslavl,,
hobby_falcon,,,,,reims,,
ciconia_ciconia,,,,,ynysddu,,
mulard_duck,,,,,chuvashia,,
yellow-legged-gull,,,,,luga,,
pine_marten,,,,,constanta,,
greater_canada_goose_,,,,,tosno,,
black-legged_kitiwake,,,,,lycksele,,
commontern,,,,,britton_ferry,,
eurasian_wigeon,,,,,kara-koby,,
blach-headed_gull,,,,,abergele,,
common_golden_eye,,,,,colwyn_bay,,
bl_h_gull,,,,,palencia,,
kestral,,,,,thuringen,,
common_buzzard,,,,,scotland,,
larus_marinus,,,,,konstantinovka,,
ancient_murrelet,,,,,trapani,,
common_quail,,,,,vladivostok,,
bubo_bubo,,,,,perugia,,
large-billed_crow,,,,,orenburg_oblast,,
common-buzzard,,,,,novgorod_region,,
gray_heron,,,,,romanmia,,
greylag_goose_,,,,,laconia.gr,,
otus_scops,,,,,llanidloes,,
shelduck,,,,,latvia,,
short-eared_owl,,,,,plavsk,,
cignus_olor,,,,,kirovsk,,
duck_muscovy,,,,,brest,,
grebe,,,,,usk,,
yellow-legged_gull,,,,,khabarovsk,,
jackdaw,,,,,pontypool,,
rissa_tridactyla,,,,,groznyi,,
ruddy_shelduck,,,,,cornelly,,
knot_wader,,,,,fvg-pordenone,,
audouins_gull,,,,,zabaykalsky_krai,,
great_black-baked_gull,,,,,cantabria,,
spatula_querquedula,,,,,yar,,
gray_lag_goose,,,,,minera,,
rural_duck,,,,,sheksna,,
haliaeetus_albicilla,,,,,tver_oblast,,
whistling_duck,,,,,bridgend,,
black_kite,,,,,belgium,,
european_robin,,,,,kaliningrad,,
peregrine-falcon,,,,,dagestan,,
goshawk,,,,,iiv-brynsk,,
long-eared_owl,,,,,ystrad_mynach,,
great_skua,,,,,geneva,,
black-backed_gull,,,,,aniva,,
black-headed_gull_,,,,,paisvasco,,
c_gull,,,,,ystad,,
great_cormorant,,,,,kurgan,,
harbour_seal,,,,,brynna,,
bird,,,,,bryncae,,
caspian_gull,,,,,ireland,,
tufted_duck,,,,,maiya,,
bulbul,,,,,libsoa,,
morus_bassanus,,,,,quimper,,
yellow_legged-gull,,,,,enschede,,
falco_peregrinus,,,,,bosniaandherzegovina,,
baikal_teal,,,,,bedlinog,,
larus_cachinnans,,,,,onguday,,
eurasian_spoonbill,,,,,baden-wuerttemberg,,
gr_bk_bd_gull,,,,,vyazemsk,,
bk_swan,,,,,merthyr_tydfil,,
cygnus_olor,,,,,dnipropetrovsk,,
harris_hawk,,,,,tambov,,
slaty-backed_gull,,,,,galicia,,
hering_gull,,,,,blagoveschensk,,
moorhen,,,,,wales,,
black-headed-gull,,,,,khanty-mansi_ao,,
_great_cormorant_,,,,,united_kingdom,,
aythya_fuligula,,,,,maykop,,
bufflehead_duck,,,,,orebro,,
common_teal,,,,,prague,,
common_snipe,,,,,primorsky_krai,,
cape_barren_goose,,,,,amsterdam,,
armenian_gull,,,,,llanfaes,,
carolina_duck,,,,,starobelsk,,
streptopelia_decaocto,,,,,thueringen,,
white_stork,,,,,kristianstad,,
guillemot,,,,,pavia,,
pink-footed_goose,,,,,tilburg,,
eurasian_curlew,,,,,saarland,,
falcated_teal,,,,,lipesk,,
coot,,,,,rotterdam,,
little-owl,,,,,tyumen_oblast,,
common_tern_,,,,,bihor,,
europian_wigeon,,,,,brynamman,,
wigeon,,,,,karlstad,,
brent_goose,,,,,buryatia,,
holland_pigeon,,,,,aix,,
black-headed_gull,,,,,suffolk,,
fulmar,,,,,adygea,,
eurasian_eagle-owl,,,,,lannion,,
canadagoose,,,,,solna,,
little_egret,,,,,bochum,,
northern_lapwing,,,,,lourdes,,
little_grebe,,,,,le?n,,
european_turtle_dove,,,,,amal,,
european_herring_gull_,,,,,verkhniy_prikhon,,
peregrine_falcon_,,,,,friuli-venezia_giulia,,
ardea_alba,,,,,kosova,,
_greylag_goose,,,,,morki,,
withe-tiled_eagle,,,,,llantwit_major,,
egretta_garzetta,,,,,nesterov,,
bearded_vulture,,,,,reunion,,
greylag-goose,,,,,mayma,,
canade_goose,,,,,pencoed,,
eur_wig,,,,,llanfairpg,,
barnacle_goose_,,,,,sundsvall,,
eurasian_jay,,,,,lyon,,
columba_palumbus,,,,,rogerstone,,
europeanherringgull,,,,,germany-mv,,
larus_michahellis,,,,,oviedo,,
white-naped_crane,,,,,ystrad_pentre,,
garganey,,,,,samara,,
taiga_bean_goose,,,,,odesa,,
eurasian_goshawk_,,,,,petropavlovsk-kamchatski,,
australian_brushturkey,,,,,volgograd_oblast,,
gull1,,,,,ellesmere,,
branta_canadensis,,,,,karachay-cherkess,,
meleagris_gallopavo,,,,,llanbedrycennin,,
eurasian_oystercatcher,,,,,khakasia,,
nene_goose,,,,,bulgaria,,
larus_michaellis,,,,,singapore,,
canada_goose_,,,,,aberdaugleddau,,
northern_goshawk,,,,,magadan,,
song_thrush,,,,,shuberskoye,,
tundra_bean_goose,,,,,gus-khrustalny,,
barnacle_goose,,,,,pembroke,,
grey_heron,,,,,jena,,
larus_canus,,,,,khanti-mansiysk,,
thalasseus_sandvicensis,,,,,machynlleth,,
white-tailed_sea_eagle,,,,,kirillovskoye_seltso,,
shag,,,,,mykop,,
gallinula_chloropus,,,,,lyonchu,,
sparrowhawk,,,,,aragon,,
yellow_leggend-gull,,,,,kamchatka,,
white_fronted_goose,,,,,brackla,,
wild_bird_feces,,,,,blaenau_ffestiniog,,
little_tern,,,,,venev,,
long-tailed_skua,,,,,hungary,,
eurasian_sparrowhawk,,,,,poitiers,,
sea_eagle,,,,,luka,,
western-cattle-egret,,,,,coquelles,,
whooper_swan,,,,,paris,,
spot_billed_duck,,,,,wsn,,
steamer_duck,,,,,caceres,,
_eurasian_magpie,,,,,curacao,,
hawaiian_goose,,,,,rovenky,,
artic_tern,,,,,bryansk_oblast,,
eurasian_teal,,,,,llandeilo,,
anas_crecca,,,,,bishop_auckland,,
cygnus-olor,,,,,leningrad,,
eastern_buzzard,,,,,lampeter,,
buzzard,,,,,semiluki,,
corvus_corvus,,,,,sochi,,
garrulus_glandarius,,,,,desnogorsk,,
common_coot,,,,,flint,,
egret,,,,,palermo,,
mallard_duck,,,,,niedersachsen,,
rook,,,,,odense,,
western_jackdaw,,,,,umea,,
eagle_owl,,,,,visby,,
lesser_black-backed_gull,,,,,hengoed,,
chlidonias_hybrida,,,,,sachsen,,
oyster_catcher,,,,,schleswig-holstein,,
seagull,,,,,corwen,,
haematopus_ostralegus,,,,,champagne_ardenne,,
common_shelduck,,,,,amur_oblast,,
mew_gull,,,,,nizhnii_novgorod,,
red_kite,,,,,rhyl,,
black-swan,,,,,comunidadvalenciana,,
eurasian_eagle-owl_,,,,,tredegar,,
eurasian_magpie,,,,,llandudno,,
black-headead_gull,,,,,macedonia,,
mallard_denmark,,,,,pencader,,
thick-billed_murre,,,,,thessaloniki,,
cygnus_columbianus,,,,,nizhninovgorod,,
mountain_hawk-eagle,,,,,_london,,
spoonbill,,,,,le_chesnay,,
yellow_legged_gull,,,,,bretagne,,
wildbird,,,,,rheinland-pfalz,,
anser_brachyrhynchus_anser_anser,,,,,mecklenburg-vorpommern,,
cygnus_cygnus,,,,,bourgogne,,
eurasian-spoonbill,,,,,lipetsk,,
common_kestrel,,,,,desgenettes,,
white-tailed_eagle,,,,,hanmer,,
raxorbill,,,,,moscow,,
von_schrenck's_bittern,,,,,treorchy,,
harris's_hawk,,,,,lisbon,,
eurasian_coot,,,,,kaliningrad_region,,
perdicinae,,,,,mellerud,,
great-tailed grackle,,,,,tenby,,
laughing_gull,,,,,amiens,,
northern harrier,,,,,orel,,
brown pelican,,,,,tatarstan,,
blue-winged teal,,,,,gornoaltaisk,,
wild turkey,,,,,mshaga,,
rough-legged hawk,,,,,llanfaethlu,,
dark-eyed junco,,,,,salekhard,,
comon goldeneye,,,,,cardigan,,
african_goose,,,,,grozniy,,
amazon_parrot,,,,,vasteras,,
american_goshawk,,,,,dowlais,,
sebastopol_goose,,,,,kabardino-balkar,,
american_pelican,,,,,severodonetsk,,
lesser_snow_goose_blue,,,,,rhosllanerchrugog,,
american_raven,,,,,tolyatti,,
parrot,,,,,sully,,
crested_jay,,,,,saint-petrsburg,,
fancy_chicken,,,,,glynneath,,
ringed_seal,,,,,blagovechensk,,
chinese_ringneck_pheasant,,,,,birobidzhan,,
cooper's_s_hawk,,,,,salamanca,,
cascade_duck,,,,,orenburg,,
lesser_snow_goose_white,,,,,maesteg,,
catalina_macaw,,,,,anna,,
american_buff_goose,,,,,hamburg,,
silver_pheasant,,,,,rome,,
cooper'ss_hawk,,,,,krasnodar,,
fisher,,,,,loddekopinge,,
ring-tailed_hawk,,,,,arad,,
king_vulture,,,,,gornoye_veretye,,
rt-hawk,,,,,antwerp,,
lady_amherst's_pheasant,,,,,rostov,,
broiler_chicken,,,,,kabardino-balkaria,,
indian_runner_duck,,,,,corte,,
long_eared_owl,,,,,ivanovo,,
american_blue-winged_teal,,,,,penarth,,
swainson's_hawk,,,,,malmoe,,
cape_teal,,,,,llangefni,,
mergus,,,,,iiv-chabarovsk,,
gyrfalcon,,,,,newcastle,,
barrow_s_goldeneye,,,,,slovenia,,
embden_goose,,,,,maerdy,,
backyard_bird,,,,,ulita,,
black_swift,,,,,saratov_oblast,,
canvasback,,,,,pontyclun,,
american white pelican,,,,,valladolid,,
snowy plover,,,,,wrexham,,
mallard duck,,,,,rhayader,,
lesser snow goose,,,,,vienna,,
ring-necked duck,,,,,ussr,,
laughing gull,,,,,valencia,,
caspian tern,,,,,northernireland,,
eared grebe,,,,,syktyvkar,,
flamingo,,,,,trubichino,,
swanson's_hawk,,,,,sc,,
cape_petrel,,,,,llangunnor,,
king_penguin,,,,,n.novgorod,,
coragyps atratus,,,,,jonkoping,,
anser albifrons,,,,,trollhattan,,
anser rossii,,,,,arkhangelsk,,
melegris gallopavo,,,,,riverside,,
bufflehead duck,,,,,volgograd,,
long-eared owl,,,,,beaumaris,,
bluejay,,,,,korolyov,,
anas sp.,,,,,basse_normandie,,
anser sp.,,,,,anapa,,
corvus sp.,,,,,ploiesti,,
phasianidae sp.,,,,,sling,,
"loon, common",,,,,mold,,
dark-eyed_junco,,,,,monaco,,
circus hudsonius,,,,,penza_oblast,,
rissa tridactyla,,,,,leon,,
melanitta fusca,,,,,porthcawl,,
sibirionetta formosa,,,,,saundersfoot,,
somateria mollissima,,,,,gribanovsk,,
larus glaucescens,,,,,milford_haven,,
sula variegata,,,,,penza,,
,,,,,tambov_oblast,,
pandion haliaetus,,,,,aarhus,,
thalasseus maximus,,,,,iiv-v.novgorod,,
fulmarus glacialis,,,,,yanao,,
netta peposaca,,,,,boras,,
anser canagicus,,,,,barcelona,,
asio otus,,,,,cheboksary,,
sterna hirundo,,,,,vladikavkaz,,
gavia immer,,,,,bonaire,,
aegypius monachus,,,,,_bucuresti,,
asio flammeus,,,,,terrassa,,
fregata magnificens,,,,,newport,,
charadrius nivosus,,,,,vladivistok,,
spatula clypeata,,,,,skelleftea,,
tringa semipalmata,,,,,karlskrona,,
anarhynchus collaris,,,,,tomsk,,
ardenna gravis,,,,,burgos,,
aechmophorus occidentalis,,,,,yakutia,,
lophura nycthemera,,,,,romania545649,,
anser anser,,,,,petrozavodsk,,
arenaria melanocephala,,,,,milan,,
bucephala albeola,,,,,soria,,
corvus caurinus,,,,,romania_mm,,
thalasseus acuflavidus,,,,,lille,,
phasianus colchicus,,,,,le_mans,,
larus californicus,,,,,kosice,,
sula leucogaster,,,,,llanelli,,
spatula cyanoptera,,,,,barnaul,,
phalacrocoracidae,,,,,bremen,,
larus argentatus,,,,,bratislava,,
fratercula arctica,,,,,bonn,,
morus bassanus,,,,,lithuania,,
pelecanus thagus,,,,,chelyabinsk_oblast,,
calidris alpina,,,,,gatchina,,
megascops choliba,,,,,jao,,
larus hyperboreus,,,,,romania_if,,
alca torda,,,,,v.novgorod,,
melanitta americana,,,,,perm,,
cygnus columbianus,,,,,romaina,,
cygnus atratus,,,,,gusev,,
bonasa umbellus,,,,,tongwynlais,,
mergus merganser,,,,,kalmykia,,
falco rusticolus,,,,,linkoping,,
calidris alba,,,,,ryazan,,
rynchops niger,,,,,maesycwmmer,,
hydroprogne caspia,,,,,melovoe,,
phalacrocorax brasilianus,,,,,petropavlovsk-kamchatsky,,
buteo regalis,,,,,krasnogorsk,,
aythya collaris,,,,,paranga,,
pluvialis dominica,,,,,aberkenfig,,
uria aalge,,,,,lvpr8,,
butorides virescens,,,,,sverdlovsk_oblast,,
antigone canadensis,,,,,northern_ireland,,
accipiter striatus,,,,,iiv-yekaterinburg,,
passeridae,,,,,joshkar-ola,,
buteo swainsoni,,,,,picardie,,
corvidae,,,,,aalborg,,
anser erythropus,,,,,andalucia,,
falco sparverius,,,,,calais,,
anser caerulescens caerulescens,,,,,astuiras,,
sterna paradisaea,,,,,iiv-anadyr,,
anas rubripes,,,,,buckley,,
larus delawarensis,,,,,sosnoviy_bor,,
tringa tobata,,,,,bucuresti,,
spatula discors,,,,,medium_mdck_infected_cells,,
aythya affinis,,,,,franche_comte,,
chroicocephalus philadelphia,,,,,greece,,
egretta thula,,,,,khanty-mansi,,
aythya marila,,,,,reassortant,,
anas acuta,,,,,saransk,,
cygnus,,,,,vladimir,,
fulica americana,,,,,fvg-trieste,,
quiscalus mexicanus,,,,,caerleon,,
xema sabini,,,,,rovenki,,
bucephala clangula,,,,,_fieldfare,,
larus marinus,,,,,st_clears,,
procellaria aequinoctialis,,,,,barmouth,,
cypseloides niger,,,,,stockholm,,
aquila chrysaetos,,,,,aixenprovence,,
buteogallus urubitinga,,,,,llanfairfechan,,
thalasseus sandvicensis,,,,,primorie,,
cyanocitta cristata,,,,,kidwelly,,
larus glaucoides,,,,,romania_bh,,
melanitta perspicillata,,,,,brandenburg,,
ardeidae,,,,,argenteuil,,
cygnus melancoryphus,,,,,agrigento,,
ardea alba,,,,,anas_platyrynchos,,
buteo platypterus,,,,,slovakia,,
larus thayeri,,,,,chaykovsky,,
anas fulvigula,,,,,baglan,,
strix nebulosa,,,,,novy_urengoy,,
pica hudsonia,,,,,kazan,,
pelecanus erythrorhynchos,,,,,marshfield,,
buteo lagopus,,,,,mountain_ash,,
caracara plancus,,,,,korsakov,,
gymnogyps californianus,,,,,ostersund,,
sterna hirundinacea,,,,,nyzhninovgorod,,
stercorarius lonnbergi,,,,,altai,,
aythya americana,,,,,schweiz,,
phalacrocorax auritus,,,,,lons_le_saunier,,
psittacidae,,,,,goteborg,,
red shouldered hawk,,,,,bourgoin,,
great black backed gull,,,,,porttalbot,,
dark eyed junco,,,,,nepal,,
ring necked duck,,,,,lulea,,
ring billed gull,,,,,turochack,,
common tern,,,,,london,,
blue winged teal,,,,,helsinki,,
bonaparte s gull,,,,,sakha,,
sharp shinned hawk,,,,,khakassia,,
long eared owl,,,,,castellon,,
white faced ibis,,,,,uppsala,,
green winged teal,,,,,svedala,,
red breasted merganser,,,,,stetienne,,
rough legged hawk,,,,,montenegro,,
great tailed grackle,,,,,ebbw_vale,,
double crested cormorant,,,,,pskov_oblast,,
ross s goose,,,,,kirishi,,
american goshawk,,,,,chaikovsky,,
cooper s hawk,,,,,sweden,,
loon common,,,,,verkhovye,,
swanson s hawk,,,,,novgorog_velikiy,,
pintado_petrel,,,,,malta,,
thayers gull,,,,,gorno-altaisk,,
south american tern,,,,,monmouth,,
american blue-winged teal,,,,,dwyran,,
mottled duck,,,,,wyesham,,
black-necked swan,,,,,sennybridge,,
roseate spoonbill,,,,,elista,,
short-eared owl,,,,,nice,,
redhead duck,,,,,ternopil,,
silver pheasant,,,,,pskov,,
western grebe,,,,,la_reunion,,
american kestrel,,,,,iiv-cheboksary,,
backyard bird,,,,,tours,,
royal tern,,,,,risca,,
sandwich tern,,,,,,,
green heron,,,,,,,
greater white-fronted goose,,,,,,,
baikal teal,,,,,,,
parasitic jaeger,,,,,,,
peregrine falcon,,,,,,,
swainsons hawk,,,,,,,
american green-winged teal,,,,,,,
lesser snow goose white-morph,,,,,,,
glaucous-winged gull,,,,,,,
red-necked grebe,,,,,,,
muscovy duck,,,,,,,
black brant,,,,,,,
black-crowned night heron,,,,,,,
black-legged kittiwake,,,,,,,
nannopterum brasilianus,,,,,,,
lesser snow goose blue-morph,,,,,,,
rosss goose,,,,,,,
american pelican,,,,,,,
black swift,,,,,,,
cinnamon teal,,,,,,,
red-necked phalarope,,,,,,,
black swan,,,,,,,
western snowy plover,,,,,,,
peruvian booby,,,,,,,
black turnstone,,,,,,,
arctic tern,,,,,,,
american wood stork,,,,,,,
california condor,,,,,,,
western screech owl,,,,,,,
broad-winged hawk,,,,,,,
black skimmer,,,,,,,
guanay cormorant,,,,,,,
blue-winged and cinnamon teal,,,,,,,
lesser white-fronted goose,,,,,,,
northern gannet,,,,,,,
great-horned owl,,,,,,,
fish crow,,,,,,,
eastern screech owl,,,,,,,
ring-necked pheasant,,,,,,,
graylag goose,,,,,,,
horned grebe,,,,,,,
short-billed gull,,,,,,,
manx shearwater,,,,,,,
wild bird,,,,,,,
neotropic cormorant,,,,,,,
seabird,,,,,,,
american-kestrel,,,,,,,
wild duck,,,,,,,
vulture black,,,,,,,
falcon peregrine,,,,,,,
vulture not otherwise specified,,,,,,,
hawk swainson s,,,,,,,
owl great horned,,,,,,,
teal not otherwise specified,,,,,,,
vulture turkey,,,,,,,
teal green winged,,,,,,,
eagle bald,,,,,,,
duck mallard,,,,,,,
gull ring billed,,,,,,,
goose canada,,,,,,,
teal blue winged,,,,,,,
pelican american white,,,,,,,
northern fulmar,,,,,,,
gadwall duck,,,,,,,
golden eagle,,,,,,,
south polar skua,,,,,,,
great shearwater,,,,,,,
black-billed magpie,,,,,,,
atlantic puffin,,,,,,,
rosy-billed pochard,,,,,,,
franklins gull,,,,,,,
collared plover,,,,,,,
california gull,,,,,,,
northwestern crow,,,,,,,
greater yellowlegs,,,,,,,
common barn owl,,,,,,,
coopers hawk,,,,,,,
ferruginous hawk,,,,,,,
great grey owl,,,,,,,
common murre,,,,,,,
ruffed grouse,,,,,,,
emperor goose,,,,,,,
iceland gull,,,,,,,
irere,,,,,,,
antarctic_shag,,,,,,,
pigeon_guillemot,,,,,,,
rosy-billed_pochard,,,,,,,
skua,,,,,,,
red breasted goose,,,,,,,
wild goose,,,,,,,
wigeon american,,,,,,,
strigiformes sp,,,,,,,
nene goose,,,,,,,
corvidae sp,,,,,,,
mourning dove,,,,,,,
anser sp,,,,,,,
duck wood,,,,,,,
american blue winged teal,,,,,,,
aves sp,,,,,,,
strix varia,,,,,,,
phalacrocoracidae sp,,,,,,,
great black backed gulll,,,,,,,
gull glaucous,,,,,,,
corvus sp,,,,,,,
hermit thrush,,,,,,,
cygnus sp,,,,,,,
duck american black,,,,,,,
pelecanidae sp,,,,,,,
teal cinnamon,,,,,,,
duck pintail,,,,,,,
numididae sp,,,,,,,
anas crecca,,,,,,,
whooping crane,,,,,,,
kittiwake black legged,,,,,,,
phasianidae sp,,,,,,,
anas sp,,,,,,,
american widgeon,,,,,,,
runner duck,,,,,,,
pelecanus occidentalis,,,,,,,
laridae sp,,,,,,,
cathartidae sp,,,,,,,
callipepla sp,,,,,,,
accipitridae sp,,,,,,,
white winged scoter,,,,,,,
american green winged teal,,,,,,,
arinae sp,,,,,,,
duck ring necked,,,,,,,
gadwell,,,,,,,
cygnus buccinator,,,,,,,
shoveler northern,,,,,,,
whooping_crane,,,,,,,
furnarius rufus,,,,,,,
dendrocygna viduata,,,,,,,
dalmatian pelican,,,,,,,
common gull,,,,,,,
greater_black_backed_gull,,,,,,,
chinstrap_penguin,,,,,,,
northern_raven,,,,,,,
chionis_albus,,,,,,,
brazilian_teal,,,,,,,
red_shoveler,,,,,,,
american_herring_gull,,,,,,,
long-tailed_duck,,,,,,,
woodpeckers,,,,,,,
yellow-billed_pintail,,,,,,,
white-cheeked_pintail,,,,,,,
lesser_black_backed_gull,,,,,,,
semipalmated_sandpiper,,,,,,,
yellow-billed_teal,,,,,,,
ringed_teal,,,,,,,
shorebird,,,,,,,
canvasback_cuck,,,,,,,
calidris_fuscicollis,,,,,,,
sterna_paradisaea,,,,,,,
silver_teal,,,,,,,
white_rumped_sandpiper,,,,,,,
short_billed_dowitcher,,,,,,,
cinnamon-teal,,,,,,,
whimbrel,,,,,,,
northern_pintail_duck,,,,,,,
teal_sp.,,,,,,,
canvasback_duck,,,,,,,
amazonetta_brasiliensis,,,,,,,
red-breasted goose,,,,,,,
black necked stilt,,,,,,,
eurasian wigeon,,,,,,,
hooded merganser duck,,,,,,,
rock dove,,,,,,,
black neck swan,,,,,,,
song sparrow,,,,,,,
ruddy turnstone,,,,,,,
black bellied plover,,,,,,,
northern herrier,,,,,,,
canvasback duck,,,,,,,
fulvous whistling duck,,,,,,,
wild duckl,,,,,,,
greater white fronted goose,,,,,,,
barrow goldeneye,,,,,,,
cattle egret,,,,,,,
wild duck hybrid,,,,,,,
pintail duck,,,,,,,
comon grackle,,,,,,,
black crowned night heron,,,,,,,
white winged dove,,,,,,,
common_goose,,,,,,,
great_black-backed_gull_,,,,,,,
bewicks_swan,,,,,,,
ornamental_duck,,,,,,,
peregino,,,,,,,
podiceps auritus,,,,,,,
swan not otherwise specified,,,,,,,
bafflehead,,,,,,,
goose greater white fronted,,,,,,,
swainson s hawk,,,,,,,
gull bonaparte s,,,,,,,
bird pooled,,,,,,,
goose cackling,,,,,,,
crow american,,,,,,,
goose embden,,,,,,,
duck mottled,,,,,,,
hawk red tailed,,,,,,,
owl barn,,,,,,,
lesser yellowleg,,,,,,,
pintail northern,,,,,,,
duck pekin,,,,,,,
swan trumpeter,,,,,,,
african gray parrot,,,,,,,
pheasant not otherwise specified,,,,,,,
harrier northern,,,,,,,
goldeneye common,,,,,,,
goose snow,,,,,,,
pheasant ring necked,,,,,,,
goose not otherwise specified,,,,,,,
grackle common,,,,,,,
duck muscovy,,,,,,,
quail not otherwise specified,,,,,,,
partridge chukar,,,,,,,
chicken leghorn,,,,,,,
owl not otherwise specified,,,,,,,
bird not otherwise specified,,,,,,,
merganser hooded,,,,,,,
goose ross s,,,,,,,
duck wild not otherwise specified,,,,,,,
antarctic_petrel,,,,,,,
rock_dove,,,,,,,
pintail_duck,,,,,,,
hermit_thrush,,,,,,,
american_widgeon,,,,,,,
finch,,,,,,,
glaucose winged gull,,,,,,,
