,Unnamed: 0,wild_avian,domestic_avian,cattle,feline,other_mammal,human,other,pet_food,new
0,0.0,great_horned_owl,pheasant,dairy_cow,cat,deer mouse,washington,mixed,pet food,
1,1.0,common_raven,turkey,cattle,domestic_cat,house_mouse,nevada,environment,raw pet food,
2,2.0,cooper's_hawk,chicken,cattle milk product,feral_cat,skunk,wyoming,multispecies,raw_pet_food,
3,3.0,coopers_hawk,goose,bovine_milk,feline,striped_skunk,california,unknown,pet_food,
4,4.0,peafowl,guinea_fowl,bovine ,domestic-cat,norway rat,michigan,',,
5,5.0,crane,quail,bos taurus,domestic cat,ermine,colorado,-,,
6,6.0,peregrine_falcon,duck,bovine,bobcat,harbor_seal,ohio,environmental,,
7,7.0,barn_owl,guineafowl,dairy cow,geoffroys_cat,fox,louisiana,enviroment,,
8,8.0,snow_goose,emu,cattle domestic dairy no breed specified,cougar,bottlenose_dolphin,british_columbia,environmental_(em)_,,
9,9.0,heron,ostrich,dairy cattle,tiger,bear,texas,mal,,
10,10.0,great_black-backed_gull,domestic_turkey,,serval,red_fox,antofagasta,ty,,
11,11.0,double-crested_co,layer_chicken,,lion,macaque,chile,blow_fly,,
12,12.0,bald_eagle,domestic_duck,,lynx,atlantic_white-sided_dolphin,sichuan,water,,
13,13.0,red-tailed_hawk,peacock,,mountain_lion,mink,guangdong,unl,,
14,14.0,vulture,pekin_duck,,savannah_cat,polar_bear,gx-guilin,dk,,
15,15.0,osprey,poultry,,geoffroy's cat,dog,fujian-sanyuan,env,,
16,16.0,tundra_swan,taiwanese_chicken,,mountain lion,black_bear,hangzhou,t_dk,,
17,17.0,blue-winged_teal,waterfowl,,savannah cat,raccoon,castillalamancha,ch,,
18,18.0,wood_duck,domestic_goose,,felis catus,alpaca,guangxi,est,,
19,19.0,ruddy_duck,silkie_chicken,,panthera tigris,goat,astrakhan,go,,
20,20.0,white-faced_ibis,ring-necked_pheasant,,leptailurus serval,swine,jiangxi,grey_go,,
21,21.0,gadwall,broiler_breeders_chicken,,puma concolor,red fox,england,ck,,
22,22.0,swan,layer,,lynx rufus,harbor seal,hunan,barnacle,,
23,23.0,black_vulture,common_pheasant,,leopardus geoffroyi,house-mouse,changsha,decoy_duck,,
24,24.0,sandhill_crane,laying_hen,,african lion,dolphin,jiangsu,house_fly,,
25,25.0,mallard,anser_anser,,amur leopard,weasel,homo sapiens,cheese,,
26,26.0,barred_owl,chicken_,,amur tiger,bottlenose dolphin,homo_sapiens,165,,
27,27.0,dunlin,phasianus_colchicus,,bengal tiger,pig,mexico,147,,
28,28.0,sanderling,broiler,,bobcat (captive),house mouse,mexico_city,162,,
29,29.0,pigeon,hen,,canada lynx,nasua_nasua,canada,bre-ipp04799,,
30,30.0,herring_gull,madarin_duck,,eurasian lynx,sea_lion,navarra,543635,,
31,31.0,trumpeter_swan,chiken,,hybrid tiger (panthera),burmeisters_porpoise,catalonia,148,,
32,32.0,red_tailed_hawk,anser,,mountain lion (captive),otaria_flavescens,copenhagen,129,,
33,33.0,wild_duck,anser_anser_domesticus,,caracal,pinniped,sosnovyi_bor,145,,
34,34.0,pelican,domestic-duck,,felis_catus,southern_elephant_seal,moldova,146,,
35,35.0,blue_jay,guinea-fowl,,cheetah,south_american_sea_lion,trefeglwys,159,,
36,36.0,european_starling,mandarin_duck,,feliformia,south_american_fur_seal,ingushetia,,,
37,37.0,northern_pintail,mixed_domestic_anatidae,,panthera leo,chungungo,moscow-gihsn,,,
38,38.0,greater_white-fronted_goose,duck_,,feral cat,antarctic_fur_seal,burga,,,
39,39.0,swanson's_hawk,anas_platyrhynchos_domestica,,,mephitidae,sakhalin_oblast,,,
40,40.0,rock_pigeon,common_peacock,,geoffroy s cat,procyon lotor,aberdare,,,
41,41.0,common_goldeneye,rooster,,cat domestic not otherwise specified,sus scrofa,zima,,,
42,42.0,crow,guinea,,,capra hircus,coedpoeth,,,
43,43.0,turkey_vulture,perdicinae,,,vicugna pacos,irkutsk,,,
44,44.0,bufflehead,numididae sp.,,,mus musculus,romania_bc,,,
45,45.0,cooper_s_hawk,phasianinae,,,vulpes vulpes,alchevsk,,,
46,46.0,hooded_merganser,dromaius novaehollandiae,,,neogale_vison,luxembourg,,,
47,47.0,gallus,em,,,tibetan_blue_bear,szczecin,,,
48,48.0,burrowing_owl,hens,,,stone_marten,romania_cj,,,
49,49.0,wild_turkey,phoenicopterus roseus,,,common_dolphin,asturias,,,
50,50.0,owl,galliformes,,,artic_fox,zaporizhia,,,
51,51.0,american_wigeon,pavo,,,mustela_putorius,catania,,,
52,52.0,common_eider,anatidae,,,polecat,iiv-moscow,,,
53,53.0,swallow,gallus gallus,,,tanuki,tessenderlo,,,
54,54.0,ross's_goose,numididae,,,fur_seal,vandoeuvre_les_nancy,,,
55,55.0,red-breasted_merganser,gallus_gallus,,,porpoise_,saint-nazaire,,,
56,56.0,glaucous_winged_gull,numida_meleagris,,,murine,madrid,,,
57,57.0,comon_goldeneye,backyard_chicken,,,northern_fur_seal,italy,,,
58,58.0,hawk,backyard_turkey,,,sea_otter,pwllheli,,,
59,59.0,merganser,backyard_duck,,,ferret,arges,,,
60,60.0,great_blue_heron,guinea fowl,,,white_mink,bordeaux,,,
61,61.0,red-shouldered_hawk,partridge,,,ezo_red_fox,melesse,,,
62,62.0,crested_caracara,mixed_domestic_phasianidae,,,raccoon_dog,uglich,,,
63,63.0,green_winged_teal,numida meleagris,,,arctic-fox,zvenigovo,,,
64,64.0,falcon,anas,,,bush_dog,inya,,,
65,65.0,american_kestrel,anatinae,,,seal,belgorod,,,
66,66.0,gull,struthio camelus,,,silver_fox,zhuravka,,,
67,67.0,ring-necked_duck,gallus gallus domesticus,,,vulpes_vulpes,yaroslavl_oblast,,,
68,68.0,wild_goose,backyard chicken,,,mustela_furo,deeside,,,
69,69.0,gull_spp.,pekin duck,,,badger,caen,,,
70,70.0,white_winged_scoter,backyard turkey,,,harbour_porpoise,kungalv,,,
71,71.0,muscovy_duck,backyard duck,,,otter,haute_normandie,,,
72,72.0,green-winged_teal,domestic turkey,,,grey_seal,tallinn,,,
73,73.0,american_black_duck,chicken domestic no breed specified,,,blue_fox,estonia,,,
74,74.0,black-crowned_night-heron,duck domestic not otherwise specified,,,canine,lisboa,,,
75,75.0,avian,chicken domestic layer,,,european_polecat,gornoaltaysk,,,
76,76.0,snowy_owl,turkey domestic grower meat type,,,coati,llangollen,,,
77,77.0,northern_shoveler,broiler breeders chicken,,,arctic_fox,kuzher,,,
78,78.0,american_white_pelican,domestic bird,,,opossum,nizhny_novgorod_oblast,,,
79,79.0,common_merganser,fancy chicken,,,red-fox,nantes,,,
80,80.0,mute_swan,taiwanese chicken,,,wild_mink,baleares,,,
81,81.0,common_loon,layer chicken,,,coyote,tula,,,
82,82.0,american_crow,domestic grower meat type turkey,,,gray_seal,slantsy,,,
83,83.0,western_gull,domestic goose,,,virginia_opossum,poland,,,
84,84.0,cackling_goose,meat-type_turkey,,,mirounga leonina,chernogorsk,,,
85,85.0,rosss_goose,domestic grower,,,nasua nasua,guildford,,,
86,86.0,dove,domestic duck,,,pekania pennanti,mamonovo,,,
87,87.0,canada_goose,chicken domestic broiler meat type,,,canis lupus familiaris,kutulik,,,
88,88.0,surf_scoter,goose domestic,,,halichoerus grypus,sw,,,
89,89.0,ring-billed_gull,domestic chicken,,,phoca vitulina,regensburg,,,
90,90.0,lesser_scaup,turkey domestic not otherwise specified,,,mustela lutreola,bala,,,
91,91.0,great_egret,chicken domestic lbm byd,,,arctocephalus australis,kozmodemyansk,,,
92,92.0,redhead,,,,mephitis mephitis,kuzhener,,,
93,93.0,black_crowned_night_heron,,,,ursus maritimus,orel_oblast,,,
94,94.0,short_eared_owl,,,,leucopleurus acutus,udorn,,,
95,95.0,thayers_gull,,,,delphinus delphis,cwmbran,,,
96,96.0,atlantic_puffin,,,,ursus americanus,albania,,,
97,97.0,glaucous-winged_gull,,,,pinnipedia,halmstad,,,
98,98.0,black_crowned_night-heron,,,,otaria byronia,smolensk,,,
99,99.0,sabine's_gull,,,,otaria flavescens,khmao,,,
100,100.0,common_murre,,,,polar bear,bavaria,,,
101,101.0,laridae,,,,south american fur seal,dijon,,,
102,102.0,black_skimmer,,,,south american sea lion,romania,,,
103,103.0,gadwall_duck,,,,black bear,kalamata,,,
104,104.0,great-tailed_grackle,,,,southern elephant seal,aberaeron,,,
105,105.0,northern_harrier,,,,gray seal,voronezh,,,
106,106.0,brandt_goose,,,,atlantic white-sided dolphin,chukotka,,,
107,107.0,black_swan,,,,striped skunk,shimsk,,,
108,108.0,swainsons_hawk,,,,black rat,permskiy_krai,,,
109,109.0,red-necked_grebe,,,,percheron_horse,avila,,,
110,110.0,american_green_winged_teal,,,,equine,bosnia_and_herzegovina,,,
111,111.0,northwestern_crow,,,,quarter_horse,bor,,,
112,112.0,black_brant,,,,horse,buzau,,,
113,113.0,common_grackle,,,,equus_ferus_caballus,romania_ar,,,
114,114.0,wild-bird,,,,eastern gray squirrel,oreburg,,,
115,115.0,black_turnstone,,,,virginia opossum,romania_is,,,
116,116.0,roseate_spoonbill,,,,wild_boar,nordrhein-westfalen,,,
117,117.0,american_wood_stork,,,,sw,aix-en-provence,,,
118,118.0,double-crested_cormorant,,,,norway_rat,gorno-altaysk,,,
119,119.0,scoter,,,,antarctic fur seal,galich,,,
120,120.0,parasitic_jaeger,,,,catalina island fox,kurgan_oblast,,,
121,121.0,black_scoter,,,,,bashkiria,,,
122,122.0,american_robin,,,,,rhone_alpes,,,
123,123.0,red_necked_phalarope,,,,,kyzyl,,,
124,124.0,red_shouldered_hawk,,,,,swansea,,,
125,125.0,cinnamon_teal,,,,,grozny,,,
126,126.0,broad-winged_hawk,,,,,new_caledonia,,,
127,127.0,greater_yellowlegs,,,,,saintpetersburg,,,
128,128.0,common_barn_owl,,,,,romania_bb,,,
129,129.0,dovekie,,,,,krasnodar_krai,,,
130,130.0,wild_bird,,,,,koygorodok,,,
131,131.0,eagle,,,,,banskabystrica,,,
132,132.0,fish_crow,,,,,denbigh,,,
133,133.0,grackle,,,,,bayern,,,
134,134.0,brant,,,,,khmelnytskyi,,,
135,135.0,common_tern,,,,,kirov,,,
136,136.0,lesser_snow_goose,,,,,crumlin,,,
137,137.0,magpie,,,,,lyon-chu,,,
138,138.0,western_snowy_plover,,,,,pankovka,,,
139,139.0,royal_tern,,,,,burry_port,,,
140,140.0,black-billed_magpie,,,,,tywyn,,,
141,141.0,arctic_tern,,,,,iasi,,,
142,142.0,khaki_campbell_duck,,,,,helsingborg,,,
143,143.0,eider,,,,,aubusson,,,
144,144.0,red_necked_grebe,,,,,penperlleni,,,
145,145.0,caspian_tern,,,,,hrochot,,,
146,146.0,short_billed_gull,,,,,germany-by,,,
147,147.0,blackbird,,,,,saint-petersburg,,,
148,148.0,eared_grebe,,,,,grenoble,,,
149,149.0,double_crested_cormorant,,,,,munich,,,
150,150.0,brown_pelican,,,,,boulogne,,,
151,151.0,black_legged_kittiwake,,,,,llantrisant,,,
152,152.0,blue_winged_teal,,,,,belgorod_oblast,,,
153,153.0,rough-legged_hawk,,,,,tyva,,,
154,154.0,northern_gannet,,,,,segovia,,,
155,155.0,bonapartes_gull,,,,,clermontferrand,,,
156,156.0,snowy_egret,,,,,yarosavl,,,
157,157.0,great_black-backed_gulll,,,,,toulon,,,
158,158.0,snowy_plover,,,,,bilthoven,,,
159,159.0,american_coot,,,,,raglan,,,
160,160.0,white-winged_scoter,,,,,parma,,,
161,161.0,redhead_duck,,,,,salsky_district,,,
162,162.0,whistling_swan,,,,,caldicot,,,
163,163.0,greater_scaup,,,,,canarias,,,
164,164.0,broad_winged_hawk,,,,,switzerland,,,
165,165.0,teal,,,,,chita,,,
166,166.0,razorbill,,,,,yaroslavl,,,
167,167.0,gannet,,,,,sassari,,,
168,168.0,ruddy_turnstone,,,,,moscow_oblast,,,
169,169.0,mottled_duck,,,,,llanfoist,,,
170,170.0,short-tailed_shearwaters,,,,,cologne,,,
171,171.0,neotropic_cormorant,,,,,altai_krai,,,
172,172.0,raven,,,,,samara_oblast,,,
173,173.0,manx_shearwater,,,,,ust-kut,,,
174,174.0,rossss_goose,,,,,cannes,,,
175,175.0,western_sandpiper,,,,,portugal,,,
176,176.0,ferruginous_hawk,,,,,yoshkar-ola,,,
177,177.0,california_condor,,,,,nantyffyllon,,,
178,178.0,great_shearwater,,,,,verona,,,
179,179.0,ruffed_grouse,,,,,turochak,,,
180,180.0,great_grey_owl,,,,,arkhangelsk_oblast,,,
181,181.0,merlin,,,,,iiv-ryazan,,,
182,182.0,glaucous_gull,,,,,eng,,,
183,183.0,lesser_white-fronted_goose,,,,,rhondda,,,
184,184.0,rough_legged_hawk,,,,,czechrepublic,,,
185,185.0,cormorant,,,,,krasny_luch,,,
186,186.0,sandwich_tern,,,,,ugolnaya,,,
187,187.0,western_screech_owl,,,,,bolzano,,,
188,188.0,raptor,,,,,firminy,,,
189,189.0,bar-headed_goose,,,,,llanddona,,,
190,190.0,western_grebe,,,,,stathan,,,
191,191.0,harriss_hawk,,,,,wurzburg,,,
192,192.0,green_heron,,,,,chambery,,,
193,193.0,horned_grebe,,,,,kyiv,,,
194,194.0,corvus_ossifragus,,,,,chepstow,,,
195,195.0,short-billed_gull,,,,,volgograd_region,,,
196,196.0,black-legged_kittiwake,,,,,yaroslavyl,,,
197,197.0,pintail,,,,,omsk_oblast,,,
198,198.0,eastern_screech_owl,,,,,saint_ouen_l_aumone,,,
199,199.0,sparrow,,,,,noyabrsk,,,
200,200.0,california_gull,,,,,ulan-ude,,,
201,201.0,willet,,,,,verkh-chebula,,,
202,202.0,american_blue_winged_teal,,,,,llanbrynmair,,,
203,203.0,franklins_gull,,,,,grangetown,,,
204,204.0,sharp_shinned_hawk,,,,,poddorye,,,
205,205.0,iceland_gull,,,,,nizhny_novgorod,,,
206,206.0,great_black_backed_gull,,,,,oswestry,,,
207,207.0,european starling,,,,,abertysswgy,,,
208,208.0,common grackle,,,,,saint-etienne,,,
209,209.0,rock pigeon,,,,,kalach,,,
210,210.0,western gull,,,,,santiago_de_compostela,,,
211,211.0,common raven,,,,,uryupinsk,,,
212,212.0,great blue heron,,,,,n.ireland,,,
213,213.0,american robin,,,,,lorraine,,,
214,214.0,red-shouldered hawk,,,,,ulyanovsk,,,
215,215.0,american wigeon,,,,,bol'shie_kolpany,,,
216,216.0,western kingbird,,,,,galati,,,
217,217.0,double-crested cormorant,,,,,agen,,,
218,218.0,snowy owl,,,,,milfordhaven,,,
219,219.0,snow goose,,,,,kostroma,,,
220,220.0,crested caracara,,,,,sernur,,,
221,221.0,cago,,,,,papeete,,,
222,222.0,red-breasted merganser,,,,,khmelnitsky,,,
223,223.0,comon-grackle,,,,,falun,,,
224,224.0,herring gull,,,,,saint_petersburg,,,
225,225.0,blue jay,,,,,kalmar,,,
226,226.0,bald eagle,,,,,iiv-tomsk,,,
227,227.0,ruddy duck,,,,,amur,,,
228,228.0,canada goose,,,,,simpheropol,,,
229,229.0,white-winged dove,,,,,merthyrtydfil,,,
230,230.0,pefa,,,,,nijmegen,,,
231,231.0,red-tailed hawk,,,,,gavle,,,
232,232.0,wood duck,,,,,russia,,,
233,233.0,black billed magpie,,,,,izhevsk,,,
234,234.0,black-crowned night-heron,,,,,ulan_ude,,,
235,235.0,white-faced ibis,,,,,hessen,,,
236,236.0,great horned owl,,,,,sachsen-anhalt,,,
237,237.0,trumpeter swan,,,,,stasaph,,,
238,238.0,northern shoveler,,,,,rhineland-palatinate,,,
239,239.0,common goldeneye,,,,,marchwiel,,,
240,240.0,american woodcock,,,,,tarbes,,,
241,241.0,green-winged teal,,,,,brussels,,,
242,242.0,mallard x american black duck hybrid,,,,,norrkoping,,,
243,243.0,ring-billed gull,,,,,kosovo,,,
244,244.0,tundra swan,,,,,sholokhovo,,,
245,245.0,hosp,,,,,chechnya,,,
246,246.0,cooper's hawk,,,,,stavropol,,,
247,247.0,barn owl,,,,,medved,,,
248,248.0,american black duck,,,,,rhosybol,,,
249,249.0,mute swan,,,,,veneto,,,
250,250.0,turkey vulture,,,,,trnava,,,
251,251.0,hooded merganser,,,,,novaya_derevnya,,,
252,252.0,black vulture,,,,,yelo,,,
253,253.0,house sparrow,,,,,birobidjan,,,
254,254.0,cackling goose,,,,,surgut,,,
255,255.0,american crow,,,,,romania_gl,,,
256,256.0,eurasian collared dove,,,,,bucuressti,,,
257,257.0,northern pintail,,,,,ekaterinburg,,,
258,258.0,burrowing owl,,,,,budapest,,,
259,259.0,sandhill crane,,,,,blagoveshchensk,,,
260,260.0,red tailed hawk,,,,,cardiff,,,
261,261.0,western sandpiper,,,,,tver,,,
262,262.0,ganada goose,,,,,ammanford,,,
263,263.0,harris hawk,,,,,novosibirsk_oblast,,,
264,264.0,falco peregrinus,,,,,powys,,,
265,265.0,common eider,,,,,anzhero-sudzhensk,,,
266,266.0,great black-backed gull,,,,,khleborodnoye,,,
267,267.0,common merganser,,,,,barry,,,
268,268.0,house_sparrow,,,,,belgrade,,,
269,269.0,mallard-black_duck_hybrid,,,,,gwernaffield,,,
270,270.0,peregrine ,,,,,liverpool,,,
271,271.0,chukar,,,,,urlu-aspak,,,
272,272.0,tern,,,,,khanty-mansiysk,,,
273,273.0,southern_fulmar,,,,,tyumen,,,
274,274.0,sterna_hirundo,,,,,messina,,,
275,275.0,wildbird-fregata-magnificens,,,,,romania546199,,,
276,276.0,southamerican_tern,,,,,iceland,,,
277,277.0,great_grebe,,,,,pontardawe,,,
278,278.0,pelecanus_thagus,,,,,tuymen,,,
279,279.0,wildbird-sula-nebouxii,,,,,yekaterinburg,,,
280,280.0,peruvian_booby,,,,,pais_vasco,,,
281,281.0,belcher_gull,,,,,anglesey,,,
282,282.0,chiloe_wigeon,,,,,germany,,,
283,283.0,buteogallus_urubitinga,,,,,llandovery,,,
284,284.0,blackish_oystercatcher,,,,,ust-koksa,,,
285,285.0,thalasseus_maximus,,,,,malaya_vishera,,,
286,286.0,pelecanus,,,,,kmao,,,
287,287.0,buff-necked_ibis,,,,,st.petersburg,,,
288,288.0,thalasseus_acuflavidus,,,,,siena,,,
289,289.0,megascops_choliba,,,,,mouse,,,
290,290.0,calidris_alba,,,,,welshpool,,,
291,291.0,peruvean_booby,,,,,fvg-gorizia,,,
292,292.0,black-necked_swan,,,,,iiv-orenburg,,,
293,293.0,brown_booby,,,,,henfynyw,,,
294,294.0,procellaria_aequinoctialis,,,,,ukraine,,,
295,295.0,franklin_gull,,,,,coleford,,,
296,296.0,frigatebird,,,,,romania_ot,,,
297,297.0,chilean_teal,,,,,porth,,,
298,298.0,south_polar_skua,,,,,trikala.gr,,,
299,299.0,elegant_tern,,,,,ynysfach,,,
300,300.0,south_american_tern,,,,,frankfurt,,,
301,301.0,sula_leucogaster,,,,,novgorod_oblast,,,
302,302.0,band-tailed_gull,,,,,podporozhie,,,
303,303.0,gray_gull,,,,,llangennech,,,
304,304.0,great_grabe,,,,,basel,,,
305,305.0,franklin's_gull,,,,,sergach,,,
306,306.0,guanay_cormorant,,,,,novosibirsk,,,
307,307.0,kelp_gull,,,,,athens.gr,,,
308,308.0,inca_tern,,,,,gothenburg,,,
309,309.0,pelecanus_occidentalis,,,,,llay,,,
310,310.0,humboldt_penguin,,,,,berlin,,,
311,311.0,pluvialis_dominica,,,,,murcia,,,
312,312.0,antarctic_tern,,,,,ni,,,
313,313.0,brown_skua,,,,,south_australia,,,
314,314.0,south_georgia_shag,,,,,neath,,,
315,315.0,athene cunicularia,,,,,sheffield,,,
316,316.0,accipitridae,,,,,prahova,,,
317,317.0,cairina moschata,,,,,margam,,,
318,318.0,corvus,,,,,cahors,,,
319,319.0,scolopax minor,,,,,kalinigrad,,,
320,320.0,meleagris gallopavo,,,,,pontypridd,,,
321,321.0,passer domesticus,,,,,abidjan,,,
322,322.0,gruidae,,,,,aquitaine,,,
323,323.0,pelecanidae,,,,,pays_de_loire,,,
324,324.0,bubo virginianus,,,,,velikiy_novgorod,,,
325,325.0,anser caerulescens,,,,,netherlands,,,
326,326.0,corvus brachyrhynchos,,,,,aberystwyth,,,
327,327.0,columba livia,,,,,cherepovets,,,
328,328.0,turdus migratorius,,,,,pogranichnyy,,,
329,329.0,calidris mauri,,,,,ozersk,,,
330,330.0,gyps fulvus,,,,,bari,,,
331,331.0,aves,,,,,porthmadog,,,
332,332.0,ardea herodias,,,,,karasuk,,,
333,333.0,mareca americana,,,,,tomsk_oblast,,,
334,334.0,branta hutchinsii,,,,,ruabon,,,
335,335.0,turdus merula,,,,,llandysul,,,
336,336.0,branta canadensis,,,,,carmarthen,,,
337,337.0,streptopelia decaocto,,,,,kola,,,
338,338.0,bubo scandiacus,,,,,caerau,,,
339,339.0,anas carolinensis,,,,,wilson-smith,,,
340,340.0,buteo jamaicensis,,,,,holywell,,,
341,341.0,nycticorax nycticorax,,,,,haverfordwest,,,
342,342.0,strigidae,,,,,valence,,,
343,343.0,columbidae,,,,,kosh-agach,,,
344,344.0,mareca strepera,,,,,shebalino,,,
345,345.0,tyto alba,,,,,vaxjo,,,
346,346.0,alectoris chukar,,,,,murmansk_oblast,,,
347,347.0,corvus corax,,,,,donetsk,,,
348,348.0,cygnus olor,,,,,?vila,,,
349,349.0,buteo lineatus,,,,,llanfair,,,
350,350.0,aix sponsa,,,,,warsaw,,,
351,351.0,cathartes aura,,,,,zony,,,
352,352.0,zenaida asiatica,,,,,veliky_novgorod,,,
353,353.0,anas platyrhynchos,,,,,stavropol_krai,,,
354,354.0,haliaeetus leucocephalus,,,,,finland,,,
355,355.0,larus occidentalis,,,,,severskaya,,,
356,356.0,icteridae,,,,,headington,,,
357,357.0,lophodytes cucullatus,,,,,vologda,,,
358,358.0,common_eiders,,,,,saint-denis,,,
359,359.0,accipiter cooperii,,,,,odessa,,,
360,360.0,parabuteo unicinctus,,,,,komi,,,
361,361.0,northern_fulmar,,,,,human,,,
362,362.0,black scoter,,,,,cosenza,,,
363,363.0,brandt goose,,,,,tula_oblast,,,
364,364.0,surf scoter,,,,,blackwood,,,
365,365.0,great black-backed gulll,,,,,ebbwvale,,,
366,366.0,common loon,,,,,sarajevo,,,
367,367.0,white-winged scoter,,,,,centre,,,
368,368.0,corvus ossifragus,,,,,kemerovo,,,
369,369.0,lesser scaup,,,,,slovenskalupca,,,
370,370.0,peregrine,,,,,podporozhye,,,
371,371.0,rock_goose,,,,,norway,,,
372,372.0,sand_crane,,,,,orshanka,,,
373,373.0,american_green-winged_teal,,,,,rennes,,,
374,374.0,bonaparte's_gull,,,,,iiv-vel.novgorod,,,
375,375.0,sharp-shinned_hawk,,,,,simferopol,,,
376,376.0,sharp-shinned hawk,,,,,orleans,,,
377,377.0,bonaparte's gull,,,,,alsace,,,
378,378.0,american coot,,,,,eskilstuna,,,
379,379.0,greater scaup,,,,,toulouse,,,
380,380.0,snowy egret,,,,,harrow,,,
381,381.0,barred owl,,,,,pristina,,,
382,382.0,glaucous gull,,,,,berdigestyakh,,,
383,383.0,rock goose,,,,,ufa,,,
384,384.0,sand crane,,,,,roma,,,
385,385.0,ross's goose,,,,,balashikha,,,
386,386.0,great egret,,,,,athens,,,
387,387.0,anas_platyrhynchos,,,,,melilla,,,
388,388.0,brown-headed_gull,,,,,nizhni_novgorod,,,
389,389.0,phalacrocorax_carbo,,,,,st_mellons,,,
390,390.0,pelecanus_conspicillatus,,,,,alicante,,,
391,391.0,rural_goose,,,,,kaliningrad_oblast,,,
392,392.0,strix_uralensis,,,,,clermont-f.,,,
393,393.0,european_herring_gull,,,,,severomorsk,,,
394,394.0,golden_eagle,,,,,port_talbot,,,
395,395.0,northem_pintail,,,,,kursk,,,
396,396.0,towny_owel,,,,,croatia,,,
397,397.0,chroicocephalus_ridibundus,,,,,spain,,,
398,398.0,common_pheasant_,,,,,abergavenny,,,
399,399.0,ardea_cinerea,,,,,abakan,,,
400,400.0,white_stork_,,,,,clermont-ferrand,,,
401,401.0,_rough-legged_buzzard_,,,,,badajoz,,,
402,402.0,cygnus_atratus,,,,,torino,,,
403,403.0,pochard_duck,,,,,cherkessk,,,
404,404.0,larus_argentatus,,,,,guyane,,,
405,405.0,common-kingfisher,,,,,czech_republic,,,
406,406.0,western_barn_owl,,,,,gorseinon,,,
407,407.0,common_guillemot,,,,,magadan_oblast,,,
408,408.0,whooper-swan,,,,,falkland-islands,,,
409,409.0,brant_goose,,,,,makhachkala,,,
410,410.0,hooded_crane,,,,,naryan-mar,,,
411,411.0,luscinia_cyane,,,,,ross-on-wye,,,
412,412.0,oystercatcher,,,,,roath,,,
413,413.0,perigrine_falcon,,,,,garches,,,
414,414.0,laying-hen,,,,,kharkov,,,
415,415.0,eurasian_eagle_owl,,,,,district_of_columbia,,,
416,416.0,bean_goose,,,,,romania_ph,,,
417,417.0,cormorants,,,,,enfield,,,
418,418.0,gypaetus_barbatus,,,,,iiv-vladimir,,,
419,419.0,pink_footed_goose,,,,,extremadura,,,
420,420.0,buteo_buteo,,,,,rostov-on-don,,,
421,421.0,guinea_fowl-chicken,,,,,genoa,,,
422,422.0,green_sandpiper,,,,,beshpeltir,,,
423,423.0,common-shelduck,,,,,kaduy,,,
424,424.0,common-kestrel,,,,,puymirol,,,
425,425.0,western_marsh_harrier,,,,,dunkerque,,,
426,426.0,ichtyaetus_melanocephalus,,,,,lund,,,
427,427.0,wild_geese,,,,,cefnybedd,,,
428,428.0,kittiwake,,,,,glyncorrwg,,,
429,429.0,reed_warbler,,,,,ile_de_france,,,
430,430.0,pica_pica,,,,,bollnas,,,
431,431.0,spot-billed_duck,,,,,kharkiv,,,
432,432.0,pavo_cristatus,,,,,brest_armees,,,
433,433.0,lesser_black-backed_gull_,,,,,altai_republic,,,
434,434.0,indian_peafowl,,,,,kaluga_oblast,,,
435,435.0,anser_albifrons,,,,,chelyabinsk,,,
436,436.0,mediterranean_gull,,,,,kurumkan,,,
437,437.0,painted_stork,,,,,clermont-f,,,
438,438.0,common_buzzard_,,,,,llanfihangel_glyn_myrfyr,,,
439,439.0,larus,,,,,baden-w?rttemberg,,,
440,440.0,grey_goose,,,,,iiv-maykop,,,
441,441.0,red-breasted_goose,,,,,yamalo-nenets_ao,,,
442,442.0,black_headed_seagull,,,,,cowbridge,,,
443,443.0,falcated_duck,,,,,lugansk,,,
444,444.0,european_herringgull,,,,,volzhsk,,,
445,445.0,crested_auklet,,,,,kaluga,,,
446,446.0,common_gull_,,,,,milano,,,
447,447.0,rhea,,,,,caerphilly,,,
448,448.0,pelecanus_crispus,,,,,dorozhny,,,
449,449.0,sacred-ibis,,,,,larioja,,,
450,450.0,red-crowned_crane,,,,,baden-wuttemberg,,,
451,451.0,gull10,,,,,nizhnynovgorod,,,
452,452.0,tachybaptus_ruficollis,,,,,chernyshkovsky,,,
453,453.0,jungle_crow,,,,,saratov,,,
454,454.0,greylag_goose,,,,,wroclaw,,,
455,455.0,eurasian_goshawk,,,,,alexandrov,,,
456,456.0,_peregrine_falcon_,,,,,romania_dj,,,
457,457.0,_eurasian_eagle-owl,,,,,brymbo,,,
458,458.0,common_gull,,,,,oryol,,,
459,459.0,sand_piper,,,,,ulyanovsk_oblast,,,
460,460.0,greylaggoose,,,,,iiv-penza,,,
461,461.0,common_pochard,,,,,nizhny_tagil,,,
462,462.0,red_knot,,,,,banska_bystrica,,,
463,463.0,anser_brachyrhynchus,,,,,saint-peresburg,,,
464,464.0,breeding_hen,,,,,omsk,,,
465,465.0,lapwing,,,,,banska_bytrica,,,
466,466.0,brahma_chicken,,,,,buturlinovka,,,
467,467.0,kestrel,,,,,bangor,,,
468,468.0,cairina_moschata,,,,,zaporizza,,,
469,469.0,notherngannet,,,,,cwmifor,,,
470,470.0,black_faced_spoonbill,,,,,vologda_oblast,,,
471,471.0,greater_rhea,,,,,denmark,,,
472,472.0,white_peacock,,,,,cefncoed,,,
473,473.0,lesser_auk,,,,,fvg-udine,,,
474,474.0,anas_platyrhynchos_domesticus,,,,,campania,,,
475,475.0,black-throated_crane,,,,,ostrava,,,
476,476.0,numenius_arquata,,,,,olt,,,
477,477.0,ural_owl,,,,,perm_krai,,,
478,478.0,ornamental_bird,,,,,galve,,,
479,479.0,aalopochen_aegyptiaca,,,,,llansamlet,,,
480,480.0,coscoroba_swan,,,,,chirk,,,
481,481.0,domestic-goose,,,,,padova,,,
482,482.0,anser_cygnoides,,,,,siracusa,,,
483,483.0,slender-billed_gull,,,,,chemal,,,
484,484.0,white_tailed_eagle,,,,,nord_pas_de_calais,,,
485,485.0,_european_herring_gull,,,,,romania_ct,,,
486,486.0,spotbill_duck,,,,,grigorovo,,,
487,487.0,rural_chicken,,,,,narberth,,,
488,488.0,gallus_gallus_domesticus,,,,,tulun,,,
489,489.0,common_magpie,,,,,serbia,,,
490,490.0,mule_duck,,,,,nadym,,,
491,491.0,corvus_monedula,,,,,medvedevo,,,
492,492.0,pomeranian_goose,,,,,penrhyncoch,,,
493,493.0,gull-billed_tern,,,,,elekmnar,,,
494,494.0,eurasian-wigeon,,,,,languedoc_roussillon,,,
495,495.0,white-fronted_goose,,,,,novoaydar,,,
496,496.0,g_c_grebe,,,,,hovas,,,
497,497.0,geese,,,,,limoges,,,
498,498.0,mute-swan,,,,,tycroes,,,
499,499.0,greater_canada_goose,,,,,shashikman,,,
500,500.0,m_swan,,,,,sovetsky,,,
501,501.0,korean_native_chicken,,,,,dnipro,,,
502,502.0,great_black-headed_gull,,,,,sizyabsk,,,
503,503.0,common_crane,,,,,caernarfon,,,
504,504.0,mixed_wild_birds,,,,,romania546318,,,
505,505.0,whiskered_tern,,,,,krasnoyarsk_krai,,,
506,506.0,red-backed-hawk,,,,,cyprus,,,
507,507.0,rural_turkey,,,,,prestatyn,,,
508,508.0,graylag_goose,,,,,murmansk,,,
509,509.0,tyto_alba,,,,,alingsas,,,
510,510.0,crowned_crane_zoo,,,,,ceuta,,,
511,511.0,emy,,,,,romania_hd,,,
512,512.0,tawny_owl,,,,,france,,,
513,513.0,podiceps_cristatus,,,,,hvidovre,,,
514,514.0,larus_ridibundus,,,,,giessen,,,
515,515.0,black_headed_gull,,,,,moscow_,,,
516,516.0,curlew,,,,,fort-de-france,,,
517,517.0,shoveler,,,,,gurzuf,,,
518,518.0,dalmatian_pelican,,,,,rouen,,,
519,519.0,little_gull,,,,,skovde,,,
520,520.0,black-tailed_gull,,,,,saint-peterburg,,,
521,521.0,nothern_gannet,,,,,yakutsk,,,
522,522.0,rural_laying_hen,,,,,bacau,,,
523,523.0,chichen,,,,,udmurtia,,,
524,524.0,zoo_pelican,,,,,nizniy_novgorod,,,
525,525.0,pilgrim_falcon,,,,,st_petersburg,,,
526,526.0,little_owl,,,,,mynachlogddu,,,
527,527.0,cygnus-columbianus,,,,,demidov,,,
528,528.0,european_herring_gullnorway,,,,,zamora,,,
529,529.0,p_falcon,,,,,krasnoyrsk,,,
530,530.0,egyptian_goose,,,,,abertillery,,,
531,531.0,cygnus-cygnus,,,,,armavir,,,
532,532.0,anser_fabalis,,,,,stakhanov,,,
533,533.0,bar_headed_goose,,,,,hvpr8,,,
534,534.0,green-winged-teal,,,,,krasnoyarsk,,,
535,535.0,herrin_gull,,,,,irkutsk_oblast,,,
536,536.0,grey_heron_,,,,,austria,,,
537,537.0,stork,,,,,baden-wurttemberg,,,
538,538.0,l-bl-ba-gull,,,,,khabarovsk_krai,,,
539,539.0,carrion_crow,,,,,pembroke_dock,,,
540,540.0,_peregrine_falcon,,,,,sosnovo-ozerskoye,,,
541,541.0,indian_runner_ducks,,,,,st._petersburg,,,
542,542.0,muteswan,,,,,oslo,,,
543,543.0,branta_leucopsis,,,,,shumerlya,,,
544,544.0,great_crested_grebe,,,,,iiv-yaroslavl,,,
545,545.0,hobby_falcon,,,,,reims,,,
546,546.0,ciconia_ciconia,,,,,ynysddu,,,
547,547.0,mulard_duck,,,,,chuvashia,,,
548,548.0,yellow-legged-gull,,,,,luga,,,
549,549.0,pine_marten,,,,,constanta,,,
550,550.0,greater_canada_goose_,,,,,tosno,,,
551,551.0,black-legged_kitiwake,,,,,lycksele,,,
552,552.0,commontern,,,,,britton_ferry,,,
553,553.0,eurasian_wigeon,,,,,kara-koby,,,
554,554.0,blach-headed_gull,,,,,abergele,,,
555,555.0,common_golden_eye,,,,,colwyn_bay,,,
556,556.0,bl_h_gull,,,,,palencia,,,
557,557.0,kestral,,,,,thuringen,,,
558,558.0,common_buzzard,,,,,scotland,,,
559,559.0,larus_marinus,,,,,konstantinovka,,,
560,560.0,ancient_murrelet,,,,,trapani,,,
561,561.0,common_quail,,,,,vladivostok,,,
562,562.0,bubo_bubo,,,,,perugia,,,
563,563.0,large-billed_crow,,,,,orenburg_oblast,,,
564,564.0,common-buzzard,,,,,novgorod_region,,,
565,565.0,gray_heron,,,,,romanmia,,,
566,566.0,greylag_goose_,,,,,laconia.gr,,,
567,567.0,otus_scops,,,,,llanidloes,,,
568,568.0,shelduck,,,,,latvia,,,
569,569.0,short-eared_owl,,,,,plavsk,,,
570,570.0,cignus_olor,,,,,kirovsk,,,
571,571.0,duck_muscovy,,,,,brest,,,
572,572.0,grebe,,,,,usk,,,
573,573.0,yellow-legged_gull,,,,,khabarovsk,,,
574,574.0,jackdaw,,,,,pontypool,,,
575,575.0,rissa_tridactyla,,,,,groznyi,,,
576,576.0,ruddy_shelduck,,,,,cornelly,,,
577,577.0,knot_wader,,,,,fvg-pordenone,,,
578,578.0,audouins_gull,,,,,zabaykalsky_krai,,,
579,579.0,great_black-baked_gull,,,,,cantabria,,,
580,580.0,spatula_querquedula,,,,,yar,,,
581,581.0,gray_lag_goose,,,,,minera,,,
582,582.0,rural_duck,,,,,sheksna,,,
583,583.0,haliaeetus_albicilla,,,,,tver_oblast,,,
584,584.0,whistling_duck,,,,,bridgend,,,
585,585.0,black_kite,,,,,belgium,,,
586,586.0,european_robin,,,,,kaliningrad,,,
587,587.0,peregrine-falcon,,,,,dagestan,,,
588,588.0,goshawk,,,,,iiv-brynsk,,,
589,589.0,long-eared_owl,,,,,ystrad_mynach,,,
590,590.0,great_skua,,,,,geneva,,,
591,591.0,black-backed_gull,,,,,aniva,,,
592,592.0,black-headed_gull_,,,,,paisvasco,,,
593,593.0,c_gull,,,,,ystad,,,
594,594.0,great_cormorant,,,,,kurgan,,,
595,595.0,harbour_seal,,,,,brynna,,,
596,596.0,bird,,,,,bryncae,,,
597,597.0,caspian_gull,,,,,ireland,,,
598,598.0,tufted_duck,,,,,maiya,,,
599,599.0,bulbul,,,,,libsoa,,,
600,600.0,morus_bassanus,,,,,quimper,,,
601,601.0,yellow_legged-gull,,,,,enschede,,,
602,602.0,falco_peregrinus,,,,,bosniaandherzegovina,,,
603,603.0,baikal_teal,,,,,bedlinog,,,
604,604.0,larus_cachinnans,,,,,onguday,,,
605,605.0,eurasian_spoonbill,,,,,baden-wuerttemberg,,,
606,606.0,gr_bk_bd_gull,,,,,vyazemsk,,,
607,607.0,bk_swan,,,,,merthyr_tydfil,,,
608,608.0,cygnus_olor,,,,,dnipropetrovsk,,,
609,609.0,harris_hawk,,,,,tambov,,,
610,610.0,slaty-backed_gull,,,,,galicia,,,
611,611.0,hering_gull,,,,,blagoveschensk,,,
612,612.0,moorhen,,,,,wales,,,
613,613.0,black-headed-gull,,,,,khanty-mansi_ao,,,
614,614.0,_great_cormorant_,,,,,united_kingdom,,,
615,615.0,aythya_fuligula,,,,,maykop,,,
616,616.0,bufflehead_duck,,,,,orebro,,,
617,617.0,common_teal,,,,,prague,,,
618,618.0,common_snipe,,,,,primorsky_krai,,,
619,619.0,cape_barren_goose,,,,,amsterdam,,,
620,620.0,armenian_gull,,,,,llanfaes,,,
621,621.0,carolina_duck,,,,,starobelsk,,,
622,622.0,streptopelia_decaocto,,,,,thueringen,,,
623,623.0,white_stork,,,,,kristianstad,,,
624,624.0,guillemot,,,,,pavia,,,
625,625.0,pink-footed_goose,,,,,tilburg,,,
626,626.0,eurasian_curlew,,,,,saarland,,,
627,627.0,falcated_teal,,,,,lipesk,,,
628,628.0,coot,,,,,rotterdam,,,
629,629.0,little-owl,,,,,tyumen_oblast,,,
630,630.0,common_tern_,,,,,bihor,,,
631,631.0,europian_wigeon,,,,,brynamman,,,
632,632.0,wigeon,,,,,karlstad,,,
633,633.0,brent_goose,,,,,buryatia,,,
634,634.0,holland_pigeon,,,,,aix,,,
635,635.0,black-headed_gull,,,,,suffolk,,,
636,636.0,fulmar,,,,,adygea,,,
637,637.0,eurasian_eagle-owl,,,,,lannion,,,
638,638.0,canadagoose,,,,,solna,,,
639,639.0,little_egret,,,,,bochum,,,
640,640.0,northern_lapwing,,,,,lourdes,,,
641,641.0,little_grebe,,,,,le?n,,,
642,642.0,european_turtle_dove,,,,,amal,,,
643,643.0,european_herring_gull_,,,,,verkhniy_prikhon,,,
644,644.0,peregrine_falcon_,,,,,friuli-venezia_giulia,,,
645,645.0,ardea_alba,,,,,kosova,,,
646,646.0,_greylag_goose,,,,,morki,,,
647,647.0,withe-tiled_eagle,,,,,llantwit_major,,,
648,648.0,egretta_garzetta,,,,,nesterov,,,
649,649.0,bearded_vulture,,,,,reunion,,,
650,650.0,greylag-goose,,,,,mayma,,,
651,651.0,canade_goose,,,,,pencoed,,,
652,652.0,eur_wig,,,,,llanfairpg,,,
653,653.0,barnacle_goose_,,,,,sundsvall,,,
654,654.0,eurasian_jay,,,,,lyon,,,
655,655.0,columba_palumbus,,,,,rogerstone,,,
656,656.0,europeanherringgull,,,,,germany-mv,,,
657,657.0,larus_michahellis,,,,,oviedo,,,
658,658.0,white-naped_crane,,,,,ystrad_pentre,,,
659,659.0,garganey,,,,,samara,,,
660,660.0,taiga_bean_goose,,,,,odesa,,,
661,661.0,eurasian_goshawk_,,,,,petropavlovsk-kamchatski,,,
662,662.0,australian_brushturkey,,,,,volgograd_oblast,,,
663,663.0,gull1,,,,,ellesmere,,,
664,664.0,branta_canadensis,,,,,karachay-cherkess,,,
665,665.0,meleagris_gallopavo,,,,,llanbedrycennin,,,
666,666.0,eurasian_oystercatcher,,,,,khakasia,,,
667,667.0,nene_goose,,,,,bulgaria,,,
668,668.0,larus_michaellis,,,,,singapore,,,
669,669.0,canada_goose_,,,,,aberdaugleddau,,,
670,670.0,northern_goshawk,,,,,magadan,,,
671,671.0,song_thrush,,,,,shuberskoye,,,
672,672.0,tundra_bean_goose,,,,,gus-khrustalny,,,
673,673.0,barnacle_goose,,,,,pembroke,,,
674,674.0,grey_heron,,,,,jena,,,
675,675.0,larus_canus,,,,,khanti-mansiysk,,,
676,676.0,thalasseus_sandvicensis,,,,,machynlleth,,,
677,677.0,white-tailed_sea_eagle,,,,,kirillovskoye_seltso,,,
678,678.0,shag,,,,,mykop,,,
679,679.0,gallinula_chloropus,,,,,lyonchu,,,
680,680.0,sparrowhawk,,,,,aragon,,,
681,681.0,yellow_leggend-gull,,,,,kamchatka,,,
682,682.0,white_fronted_goose,,,,,brackla,,,
683,683.0,wild_bird_feces,,,,,blaenau_ffestiniog,,,
684,684.0,little_tern,,,,,venev,,,
685,685.0,long-tailed_skua,,,,,hungary,,,
686,686.0,eurasian_sparrowhawk,,,,,poitiers,,,
687,687.0,sea_eagle,,,,,luka,,,
688,688.0,western-cattle-egret,,,,,coquelles,,,
689,689.0,whooper_swan,,,,,paris,,,
690,690.0,spot_billed_duck,,,,,wsn,,,
691,691.0,steamer_duck,,,,,caceres,,,
692,692.0,_eurasian_magpie,,,,,curacao,,,
693,693.0,hawaiian_goose,,,,,rovenky,,,
694,694.0,artic_tern,,,,,bryansk_oblast,,,
695,695.0,eurasian_teal,,,,,llandeilo,,,
696,696.0,anas_crecca,,,,,bishop_auckland,,,
697,697.0,cygnus-olor,,,,,leningrad,,,
698,698.0,eastern_buzzard,,,,,lampeter,,,
699,699.0,buzzard,,,,,semiluki,,,
700,700.0,corvus_corvus,,,,,sochi,,,
701,701.0,garrulus_glandarius,,,,,desnogorsk,,,
702,702.0,common_coot,,,,,flint,,,
703,703.0,egret,,,,,palermo,,,
704,704.0,mallard_duck,,,,,niedersachsen,,,
705,705.0,rook,,,,,odense,,,
706,706.0,western_jackdaw,,,,,umea,,,
707,707.0,eagle_owl,,,,,visby,,,
708,708.0,lesser_black-backed_gull,,,,,hengoed,,,
709,709.0,chlidonias_hybrida,,,,,sachsen,,,
710,710.0,oyster_catcher,,,,,schleswig-holstein,,,
711,711.0,seagull,,,,,corwen,,,
712,712.0,haematopus_ostralegus,,,,,champagne_ardenne,,,
713,713.0,common_shelduck,,,,,amur_oblast,,,
714,714.0,mew_gull,,,,,nizhnii_novgorod,,,
715,715.0,red_kite,,,,,rhyl,,,
716,716.0,black-swan,,,,,comunidadvalenciana,,,
717,717.0,eurasian_eagle-owl_,,,,,tredegar,,,
718,718.0,eurasian_magpie,,,,,llandudno,,,
719,719.0,black-headead_gull,,,,,macedonia,,,
720,720.0,mallard_denmark,,,,,pencader,,,
721,721.0,thick-billed_murre,,,,,thessaloniki,,,
722,722.0,cygnus_columbianus,,,,,nizhninovgorod,,,
723,723.0,mountain_hawk-eagle,,,,,_london,,,
724,724.0,spoonbill,,,,,le_chesnay,,,
725,725.0,yellow_legged_gull,,,,,bretagne,,,
726,726.0,wildbird,,,,,rheinland-pfalz,,,
727,727.0,anser_brachyrhynchus_anser_anser,,,,,mecklenburg-vorpommern,,,
728,728.0,cygnus_cygnus,,,,,bourgogne,,,
729,729.0,eurasian-spoonbill,,,,,lipetsk,,,
730,730.0,common_kestrel,,,,,desgenettes,,,
731,731.0,white-tailed_eagle,,,,,hanmer,,,
732,732.0,raxorbill,,,,,moscow,,,
733,733.0,von_schrenck's_bittern,,,,,treorchy,,,
734,734.0,harris's_hawk,,,,,lisbon,,,
735,735.0,eurasian_coot,,,,,kaliningrad_region,,,
736,736.0,perdicinae,,,,,mellerud,,,
737,737.0,great-tailed grackle,,,,,tenby,,,
738,738.0,laughing_gull,,,,,amiens,,,
739,739.0,northern harrier,,,,,orel,,,
740,740.0,brown pelican,,,,,tatarstan,,,
741,741.0,blue-winged teal,,,,,gornoaltaisk,,,
742,742.0,wild turkey,,,,,mshaga,,,
743,743.0,rough-legged hawk,,,,,llanfaethlu,,,
744,744.0,dark-eyed junco,,,,,salekhard,,,
745,745.0,comon goldeneye,,,,,cardigan,,,
746,746.0,african_goose,,,,,grozniy,,,
747,747.0,amazon_parrot,,,,,vasteras,,,
748,748.0,american_goshawk,,,,,dowlais,,,
749,749.0,sebastopol_goose,,,,,kabardino-balkar,,,
750,750.0,american_pelican,,,,,severodonetsk,,,
751,751.0,lesser_snow_goose_blue,,,,,rhosllanerchrugog,,,
752,752.0,american_raven,,,,,tolyatti,,,
753,753.0,parrot,,,,,sully,,,
754,754.0,crested_jay,,,,,saint-petrsburg,,,
755,755.0,fancy_chicken,,,,,glynneath,,,
756,756.0,ringed_seal,,,,,blagovechensk,,,
757,757.0,chinese_ringneck_pheasant,,,,,birobidzhan,,,
758,758.0,cooper's_s_hawk,,,,,salamanca,,,
759,759.0,cascade_duck,,,,,orenburg,,,
760,760.0,lesser_snow_goose_white,,,,,maesteg,,,
761,761.0,catalina_macaw,,,,,anna,,,
762,762.0,american_buff_goose,,,,,hamburg,,,
763,763.0,silver_pheasant,,,,,rome,,,
764,764.0,cooper'ss_hawk,,,,,krasnodar,,,
765,765.0,fisher,,,,,loddekopinge,,,
766,766.0,ring-tailed_hawk,,,,,arad,,,
767,767.0,king_vulture,,,,,gornoye_veretye,,,
768,768.0,rt-hawk,,,,,antwerp,,,
769,769.0,lady_amherst's_pheasant,,,,,rostov,,,
770,770.0,broiler_chicken,,,,,kabardino-balkaria,,,
771,771.0,indian_runner_duck,,,,,corte,,,
772,772.0,long_eared_owl,,,,,ivanovo,,,
773,773.0,american_blue-winged_teal,,,,,penarth,,,
774,774.0,swainson's_hawk,,,,,malmoe,,,
775,775.0,cape_teal,,,,,llangefni,,,
776,776.0,mergus,,,,,iiv-chabarovsk,,,
777,777.0,gyrfalcon,,,,,newcastle,,,
778,778.0,barrow_s_goldeneye,,,,,slovenia,,,
779,779.0,embden_goose,,,,,maerdy,,,
780,780.0,backyard_bird,,,,,ulita,,,
781,781.0,black_swift,,,,,saratov_oblast,,,
782,782.0,canvasback,,,,,pontyclun,,,
783,783.0,american white pelican,,,,,valladolid,,,
784,784.0,snowy plover,,,,,wrexham,,,
785,785.0,mallard duck,,,,,rhayader,,,
786,786.0,lesser snow goose,,,,,vienna,,,
787,787.0,ring-necked duck,,,,,ussr,,,
788,788.0,laughing gull,,,,,valencia,,,
789,789.0,caspian tern,,,,,northernireland,,,
790,790.0,eared grebe,,,,,syktyvkar,,,
791,791.0,flamingo,,,,,trubichino,,,
792,792.0,swanson's_hawk,,,,,sc,,,
793,793.0,cape_petrel,,,,,llangunnor,,,
794,794.0,king_penguin,,,,,n.novgorod,,,
795,795.0,coragyps atratus,,,,,jonkoping,,,
796,796.0,anser albifrons,,,,,trollhattan,,,
797,797.0,anser rossii,,,,,arkhangelsk,,,
798,798.0,melegris gallopavo,,,,,riverside,,,
799,799.0,bufflehead duck,,,,,volgograd,,,
800,800.0,long-eared owl,,,,,beaumaris,,,
801,801.0,bluejay,,,,,korolyov,,,
802,802.0,anas sp.,,,,,basse_normandie,,,
803,803.0,anser sp.,,,,,anapa,,,
804,804.0,corvus sp.,,,,,ploiesti,,,
805,805.0,phasianidae sp.,,,,,sling,,,
806,806.0,"loon, common",,,,,mold,,,
807,807.0,dark-eyed_junco,,,,,monaco,,,
808,808.0,circus hudsonius,,,,,penza_oblast,,,
809,809.0,rissa tridactyla,,,,,leon,,,
810,810.0,melanitta fusca,,,,,porthcawl,,,
811,811.0,sibirionetta formosa,,,,,saundersfoot,,,
812,812.0,somateria mollissima,,,,,gribanovsk,,,
813,813.0,larus glaucescens,,,,,milford_haven,,,
814,814.0,sula variegata,,,,,penza,,,
815,815.0,,,,,,tambov_oblast,,,
816,816.0,pandion haliaetus,,,,,aarhus,,,
817,817.0,thalasseus maximus,,,,,iiv-v.novgorod,,,
818,818.0,fulmarus glacialis,,,,,yanao,,,
819,819.0,netta peposaca,,,,,boras,,,
820,820.0,anser canagicus,,,,,barcelona,,,
821,821.0,asio otus,,,,,cheboksary,,,
822,822.0,sterna hirundo,,,,,vladikavkaz,,,
823,823.0,gavia immer,,,,,bonaire,,,
824,824.0,aegypius monachus,,,,,_bucuresti,,,
825,825.0,asio flammeus,,,,,terrassa,,,
826,826.0,fregata magnificens,,,,,newport,,,
827,827.0,charadrius nivosus,,,,,vladivistok,,,
828,828.0,spatula clypeata,,,,,skelleftea,,,
829,829.0,tringa semipalmata,,,,,karlskrona,,,
830,830.0,anarhynchus collaris,,,,,tomsk,,,
831,831.0,ardenna gravis,,,,,burgos,,,
832,832.0,aechmophorus occidentalis,,,,,yakutia,,,
833,833.0,lophura nycthemera,,,,,romania545649,,,
834,834.0,anser anser,,,,,petrozavodsk,,,
835,835.0,arenaria melanocephala,,,,,milan,,,
836,836.0,bucephala albeola,,,,,soria,,,
837,837.0,corvus caurinus,,,,,romania_mm,,,
838,838.0,thalasseus acuflavidus,,,,,lille,,,
839,839.0,phasianus colchicus,,,,,le_mans,,,
840,840.0,larus californicus,,,,,kosice,,,
841,841.0,sula leucogaster,,,,,llanelli,,,
842,842.0,spatula cyanoptera,,,,,barnaul,,,
843,843.0,phalacrocoracidae,,,,,bremen,,,
844,844.0,larus argentatus,,,,,bratislava,,,
845,845.0,fratercula arctica,,,,,bonn,,,
846,846.0,morus bassanus,,,,,lithuania,,,
847,847.0,pelecanus thagus,,,,,chelyabinsk_oblast,,,
848,848.0,calidris alpina,,,,,gatchina,,,
849,849.0,megascops choliba,,,,,jao,,,
850,850.0,larus hyperboreus,,,,,romania_if,,,
851,851.0,alca torda,,,,,v.novgorod,,,
852,852.0,melanitta americana,,,,,perm,,,
853,853.0,cygnus columbianus,,,,,romaina,,,
854,854.0,cygnus atratus,,,,,gusev,,,
855,855.0,bonasa umbellus,,,,,tongwynlais,,,
856,856.0,mergus merganser,,,,,kalmykia,,,
857,857.0,falco rusticolus,,,,,linkoping,,,
858,858.0,calidris alba,,,,,ryazan,,,
859,859.0,rynchops niger,,,,,maesycwmmer,,,
860,860.0,hydroprogne caspia,,,,,melovoe,,,
861,861.0,phalacrocorax brasilianus,,,,,petropavlovsk-kamchatsky,,,
862,862.0,buteo regalis,,,,,krasnogorsk,,,
863,863.0,aythya collaris,,,,,paranga,,,
864,864.0,pluvialis dominica,,,,,aberkenfig,,,
865,865.0,uria aalge,,,,,lvpr8,,,
866,866.0,butorides virescens,,,,,sverdlovsk_oblast,,,
867,867.0,antigone canadensis,,,,,northern_ireland,,,
868,868.0,accipiter striatus,,,,,iiv-yekaterinburg,,,
869,869.0,passeridae,,,,,joshkar-ola,,,
870,870.0,buteo swainsoni,,,,,picardie,,,
871,871.0,corvidae,,,,,aalborg,,,
872,872.0,anser erythropus,,,,,andalucia,,,
873,873.0,falco sparverius,,,,,calais,,,
874,874.0,anser caerulescens caerulescens,,,,,astuiras,,,
875,875.0,sterna paradisaea,,,,,iiv-anadyr,,,
876,876.0,anas rubripes,,,,,buckley,,,
877,877.0,larus delawarensis,,,,,sosnoviy_bor,,,
878,878.0,tringa tobata,,,,,bucuresti,,,
879,879.0,spatula discors,,,,,medium_mdck_infected_cells,,,
880,880.0,aythya affinis,,,,,franche_comte,,,
881,881.0,chroicocephalus philadelphia,,,,,greece,,,
882,882.0,egretta thula,,,,,khanty-mansi,,,
883,883.0,aythya marila,,,,,reassortant,,,
884,884.0,anas acuta,,,,,saransk,,,
885,885.0,cygnus,,,,,vladimir,,,
886,886.0,fulica americana,,,,,fvg-trieste,,,
887,887.0,quiscalus mexicanus,,,,,caerleon,,,
888,888.0,xema sabini,,,,,rovenki,,,
889,889.0,bucephala clangula,,,,,_fieldfare,,,
890,890.0,larus marinus,,,,,st_clears,,,
891,891.0,procellaria aequinoctialis,,,,,barmouth,,,
892,892.0,cypseloides niger,,,,,stockholm,,,
893,893.0,aquila chrysaetos,,,,,aixenprovence,,,
894,894.0,buteogallus urubitinga,,,,,llanfairfechan,,,
895,895.0,thalasseus sandvicensis,,,,,primorie,,,
896,896.0,cyanocitta cristata,,,,,kidwelly,,,
897,897.0,larus glaucoides,,,,,romania_bh,,,
898,898.0,melanitta perspicillata,,,,,brandenburg,,,
899,899.0,ardeidae,,,,,argenteuil,,,
900,900.0,cygnus melancoryphus,,,,,agrigento,,,
901,901.0,ardea alba,,,,,anas_platyrynchos,,,
902,902.0,buteo platypterus,,,,,slovakia,,,
903,903.0,larus thayeri,,,,,chaykovsky,,,
904,904.0,anas fulvigula,,,,,baglan,,,
905,905.0,strix nebulosa,,,,,novy_urengoy,,,
906,906.0,pica hudsonia,,,,,kazan,,,
907,907.0,pelecanus erythrorhynchos,,,,,marshfield,,,
908,908.0,buteo lagopus,,,,,mountain_ash,,,
909,909.0,caracara plancus,,,,,korsakov,,,
910,910.0,gymnogyps californianus,,,,,ostersund,,,
911,911.0,sterna hirundinacea,,,,,nyzhninovgorod,,,
912,912.0,stercorarius lonnbergi,,,,,altai,,,
913,913.0,aythya americana,,,,,schweiz,,,
914,914.0,phalacrocorax auritus,,,,,lons_le_saunier,,,
915,915.0,psittacidae,,,,,goteborg,,,
916,916.0,red shouldered hawk,,,,,bourgoin,,,
917,917.0,great black backed gull,,,,,porttalbot,,,
918,918.0,dark eyed junco,,,,,nepal,,,
919,919.0,ring necked duck,,,,,lulea,,,
920,920.0,ring billed gull,,,,,turochack,,,
921,921.0,common tern,,,,,london,,,
922,922.0,blue winged teal,,,,,helsinki,,,
923,923.0,bonaparte s gull,,,,,sakha,,,
924,924.0,sharp shinned hawk,,,,,khakassia,,,
925,925.0,long eared owl,,,,,castellon,,,
926,926.0,white faced ibis,,,,,uppsala,,,
927,927.0,green winged teal,,,,,svedala,,,
928,928.0,red breasted merganser,,,,,stetienne,,,
929,929.0,rough legged hawk,,,,,montenegro,,,
930,930.0,great tailed grackle,,,,,ebbw_vale,,,
931,931.0,double crested cormorant,,,,,pskov_oblast,,,
932,932.0,ross s goose,,,,,kirishi,,,
933,933.0,american goshawk,,,,,chaikovsky,,,
934,934.0,cooper s hawk,,,,,sweden,,,
935,935.0,loon common,,,,,verkhovye,,,
936,936.0,swanson s hawk,,,,,novgorog_velikiy,,,
937,937.0,pintado_petrel,,,,,malta,,,
938,938.0,thayers gull,,,,,gorno-altaisk,,,
939,939.0,south american tern,,,,,monmouth,,,
940,940.0,american blue-winged teal,,,,,dwyran,,,
941,941.0,mottled duck,,,,,wyesham,,,
942,942.0,black-necked swan,,,,,sennybridge,,,
943,943.0,roseate spoonbill,,,,,elista,,,
944,944.0,short-eared owl,,,,,nice,,,
945,945.0,redhead duck,,,,,ternopil,,,
946,946.0,silver pheasant,,,,,pskov,,,
947,947.0,western grebe,,,,,la_reunion,,,
948,948.0,american kestrel,,,,,iiv-cheboksary,,,
949,949.0,backyard bird,,,,,tours,,,
950,950.0,royal tern,,,,,risca,,,
951,951.0,sandwich tern,,,,,portalegre_pt,,,
952,952.0,green heron,,,,,conwy,,,
953,953.0,greater white-fronted goose,,,,,chalkida_gr,,,
954,954.0,baikal teal,,,,,alania,,,
955,955.0,parasitic jaeger,,,,,serres,,,
956,956.0,peregrine falcon,,,,,majkop,,,
957,957.0,swainsons hawk,,,,,lubica,,,
958,958.0,american green-winged teal,,,,,dambovita,,,
959,959.0,lesser snow goose white-morph,,,,,chester,,,
960,960.0,glaucous-winged gull,,,,,llandybie,,,
961,961.0,red-necked grebe,,,,,trencin,,,
962,962.0,muscovy duck,,,,,lesvos.gr,,,
963,963.0,black brant,,,,,larisa,,,
964,964.0,black-crowned night heron,,,,,sarn,,,
965,965.0,black-legged kittiwake,,,,,belfast,,,
966,966.0,nannopterum brasilianus,,,,,briton_ferry,,,
967,967.0,lesser snow goose blue-morph,,,,,lisboa134,,,
968,968.0,rosss goose,,,,,cwmdare,,,
969,969.0,american pelican,,,,,irakleio.gr,,,
970,970.0,black swift,,,,,trieste,,,
971,971.0,cinnamon teal,,,,,romania_ms,,,
972,972.0,red-necked phalarope,,,,,bosnia_&_herzegovina,,,
973,973.0,black swan,,,,,gibraltar,,,
974,974.0,western snowy plover,,,,,baranocihi,,,
975,975.0,peruvian booby,,,,,archangelsk,,,
976,976.0,black turnstone,,,,,blagoveshensk,,,
977,977.0,arctic tern,,,,,pontllanfraith,,,
978,978.0,american wood stork,,,,,markham,,,
979,979.0,california condor,,,,,ruthin,,,
980,980.0,western screech owl,,,,,malacky,,,
981,981.0,broad-winged hawk,,,,,bashkortostan,,,
982,982.0,black skimmer,,,,,bojnice,,,
983,983.0,guanay cormorant,,,,,athens_gr,,,
984,984.0,blue-winged and cinnamon teal,,,,,north_ossetia,,,
985,985.0,lesser white-fronted goose,,,,,livadia.gr,,,
986,986.0,northern gannet,,,,,manorbier,,,
987,987.0,great-horned owl,,,,,kerkira,,,
988,988.0,fish crow,,,,,annecy,,,
989,989.0,eastern screech owl,,,,,ostrava_221,,,
990,990.0,ring-necked pheasant,,,,,poprad,,,
991,991.0,graylag goose,,,,,kozmodemiansk,,,
992,992.0,horned grebe,,,,,saint_etienne,,,
993,993.0,short-billed gull,,,,,italy-fvg,,,
994,994.0,manx shearwater,,,,,mogilev,,,
995,995.0,wild bird,,,,,astros.gr,,,
996,996.0,neotropic cormorant,,,,,nove_zamky,,,
997,997.0,seabird,,,,,auxonne,,,
998,998.0,american-kestrel,,,,,katerini,,,
999,999.0,wild duck,,,,,ogmore,,,
1000,1000.0,vulture black,,,,,ilfov,,,
1001,1001.0,falcon peregrine,,,,,gostivar,,,
1002,1002.0,vulture not otherwise specified,,,,,donetsk4543,,,
1003,1003.0,hawk swainson s,,,,,s.petersburg,,,
1004,1004.0,owl great horned,,,,,llanon,,,
1005,1005.0,teal not otherwise specified,,,,,minsk,,,
1006,1006.0,vulture turkey,,,,,st.-petersburg,,,
1007,1007.0,teal green winged,,,,,treharris,,,
1008,1008.0,eagle bald,,,,,larochelle,,,
1009,1009.0,duck mallard,,,,,klaipeda,,,
1010,1010.0,gull ring billed,,,,,christchurch,,,
1011,1011.0,goose canada,,,,,girona,,,
1012,1012.0,teal blue winged,,,,,genova,,,
1013,1013.0,pelican american white,,,,,ferryside,,,
1014,1014.0,northern fulmar,,,,,friuliveneziagiulia,,,
1015,1015.0,gadwall duck,,,,,avignon,,,
1016,1016.0,golden eagle,,,,,skopje,,,
1017,1017.0,south polar skua,,,,,soltsy,,,
1018,1018.0,great shearwater,,,,,suceava,,,
1019,1019.0,black-billed magpie,,,,,abercynon,,,
1020,1020.0,atlantic puffin,,,,,saint_martin,,,
1021,1021.0,rosy-billed pochard,,,,,sumy,,,
1022,1022.0,franklins gull,,,,,marseille,,,
1023,1023.0,collared plover,,,,,bcuresti,,,
1024,1024.0,california gull,,,,,landstuhl,,,
1025,1025.0,northwestern crow,,,,,kavala,,,
1026,1026.0,greater yellowlegs,,,,,llanfynydd,,,
1027,1027.0,common barn owl,,,,,cheb,,,
1028,1028.0,coopers hawk,,,,,cwmdu,,,
1029,1029.0,ferruginous hawk,,,,,ialomita,,,
1030,1030.0,great grey owl,,,,,edessa,,,
1031,1031.0,common murre,,,,,hradec_kralove,,,
1032,1032.0,ruffed grouse,,,,,tulle,,,
1033,1033.0,emperor goose,,,,,tumble,,,
1034,1034.0,iceland gull,,,,,staraya_russa,,,
1035,1035.0,irere,,,,,lamia_gr,,,
1036,1036.0,antarctic_shag,,,,,mari_el,,,
1037,1037.0,pigeon_guillemot,,,,,galanta,,,
1038,1038.0,rosy-billed_pochard,,,,,eglwyswrw,,,
1039,1039.0,skua,,,,,levice,,,
1040,1040.0,red breasted goose,,,,,romaiss,,,
1041,1041.0,wild goose,,,,,nimes,,,
1042,1042.0,wigeon american,,,,,whitland,,,
1043,1043.0,strigiformes sp,,,,,roanne,,,
1044,1044.0,nene goose,,,,,xanthi,,,
1045,1045.0,corvidae sp,,,,,monkton,,,
1046,1046.0,mourning dove,,,,,tregaron,,,
1047,1047.0,anser sp,,,,,alexandroupolis,,,
1048,1048.0,duck wood,,,,,harlow,,,
1049,1049.0,american blue winged teal,,,,,salaj,,,
1050,1050.0,aves sp,,,,,holyhead,,,
1051,1051.0,strix varia,,,,,coimbra_pt,,,
1052,1052.0,phalacrocoracidae sp,,,,,sastin-straze,,,
1053,1053.0,great black backed gulll,,,,,cwmaman,,,
1054,1054.0,gull glaucous,,,,,pirgos,,,
1055,1055.0,corvus sp,,,,,sibiu,,,
1056,1056.0,hermit thrush,,,,,dunajska_streda,,,
1057,1057.0,cygnus sp,,,,,herakleion_gr,,,
1058,1058.0,duck american black,,,,,vicenza-italy,,,
1059,1059.0,pelecanidae sp,,,,,teleorman,,,
1060,1060.0,teal cinnamon,,,,,tetovo,,,
1061,1061.0,duck pintail,,,,,nitra,,,
1062,1062.0,numididae sp,,,,,wenvoe,,,
1063,1063.0,anas crecca,,,,,dinas_powys,,,
1064,1064.0,whooping crane,,,,,borth,,,
1065,1065.0,kittiwake black legged,,,,,pencae,,,
1066,1066.0,phasianidae sp,,,,,moscowv,,,
1067,1067.0,anas sp,,,,,livadeia_gr,,,
1068,1068.0,american widgeon,,,,,dolj,,,
1069,1069.0,runner duck,,,,,pentre,,,
1070,1070.0,pelecanus occidentalis,,,,,la_rochelle,,,
1071,1071.0,laridae sp,,,,,bryncethin,,,
1072,1072.0,cathartidae sp,,,,,poltava,,,
1073,1073.0,callipepla sp,,,,,alba-iulia,,,
1074,1074.0,accipitridae sp,,,,,ludlow,,,
1075,1075.0,white winged scoter,,,,,krupina,,,
1076,1076.0,american green winged teal,,,,,st.petersburg_oblast,,,
1077,1077.0,arinae sp,,,,,bargoed,,,
1078,1078.0,duck ring necked,,,,,firenze,,,
1079,1079.0,gadwell,,,,,vilyuchinsk,,,
1080,1080.0,cygnus buccinator,,,,,zakarpattya,,,
1081,1081.0,shoveler northern,,,,,verona-italy,,,
1082,1082.0,whooping_crane,,,,,lleida,,,
1083,1083.0,furnarius rufus,,,,,caerwys,,,
1084,1084.0,dendrocygna viduata,,,,,kavala.gr,,,
1085,1085.0,dalmatian pelican,,,,,larisa.gr,,,
1086,1086.0,common gull,,,,,lesvos_island.gr,,,
1087,1087.0,greater_black_backed_gull,,,,,braila,,,
1088,1088.0,chinstrap_penguin,,,,,calarasi,,,
1089,1089.0,northern_raven,,,,,usti_208,,,
1090,1090.0,chionis_albus,,,,,zhizdra,,,
1091,1091.0,brazilian_teal,,,,,rhodes_island.gr,,,
1092,1092.0,red_shoveler,,,,,st_brides_major,,,
1093,1093.0,american_herring_gull,,,,,cwmavon,,,
1094,1094.0,long-tailed_duck,,,,,lipetsk_oblast,,,
1095,1095.0,woodpeckers,,,,,rostov_oblast,,,
1096,1096.0,yellow-billed_pintail,,,,,iraklio.gr,,,
1097,1097.0,white-cheeked_pintail,,,,,prengwyn,,,
1098,1098.0,lesser_black_backed_gull,,,,,mcensk,,,
1099,1099.0,semipalmated_sandpiper,,,,,tarragona,,,
1100,1100.0,yellow-billed_teal,,,,,vimmerby,,,
1101,1101.0,ringed_teal,,,,,north_ossetia-alania,,,
1102,1102.0,shorebird,,,,,crimea,,,
1103,1103.0,canvasback_cuck,,,,,treffgarne,,,
1104,1104.0,calidris_fuscicollis,,,,,le_cannet,,,
1105,1105.0,sterna_paradisaea,,,,,bulgaria1323,,,
1106,1106.0,silver_teal,,,,,novi_sad,,,
1107,1107.0,white_rumped_sandpiper,,,,,lamia.gr,,,
1108,1108.0,short_billed_dowitcher,,,,,argos,,,
1109,1109.0,cinnamon-teal,,,,,rostov-on_don,,,
1110,1110.0,whimbrel,,,,,karditsa.gr,,,
1111,1111.0,northern_pintail_duck,,,,,coytrahen,,,
1112,1112.0,teal_sp.,,,,,covasna,,,
1113,1113.0,canvasback_duck,,,,,gilwern,,,
1114,1114.0,amazonetta_brasiliensis,,,,,neamt,,,
1115,1115.0,red-breasted goose,,,,,chernivtsi,,,
1116,1116.0,black necked stilt,,,,,brno_216,,,
1117,1117.0,eurasian wigeon,,,,,soligorsk,,,
1118,1118.0,hooded merganser duck,,,,,praha,,,
1119,1119.0,rock dove,,,,,gwersyllt,,,
1120,1120.0,black neck swan,,,,,rhuddlan,,,
1121,1121.0,song sparrow,,,,,argos.gr,,,
1122,1122.0,ruddy turnstone,,,,,novisad,,,
1123,1123.0,black bellied plover,,,,,pentrebach,,,
1124,1124.0,northern herrier,,,,,ioannina_gr,,,
1125,1125.0,canvasback duck,,,,,ioannina.gr,,,
1126,1126.0,fulvous whistling duck,,,,,mougins,,,
1127,1127.0,wild duckl,,,,,flintshire,,,
1128,1128.0,greater white fronted goose,,,,,ryazan_oblast,,,
1129,1129.0,barrow goldeneye,,,,,evora_pt,,,
1130,1130.0,cattle egret,,,,,habarovsk,,,
1131,1131.0,wild duck hybrid,,,,,ptolemaida,,,
1132,1132.0,pintail duck,,,,,patra.gr,,,
1133,1133.0,comon grackle,,,,,karlmar,,,
1134,1134.0,black crowned night heron,,,,,ioanninagr,,,
1135,1135.0,white winged dove,,,,,7,,,
1136,1136.0,common_goose,,,,,vaslui,,,
1137,1137.0,great_black-backed_gull_,,,,,porto_pt,,,
1138,1138.0,bewicks_swan,,,,,lisboa_pt,,,
1139,1139.0,ornamental_duck,,,,,lasithi.gr,,,
1140,1140.0,peregino,,,,,luhansk,,,
1141,1141.0,podiceps auritus,,,,,bosnia-herzegovina,,,
1142,1142.0,swan not otherwise specified,,,,,bulgaria1369,,,
1143,1143.0,bafflehead,,,,,larissagr,,,
1144,1144.0,goose greater white fronted,,,,,azores,,,
1145,1145.0,swainson s hawk,,,,,rethymno.grc,,,
1146,1146.0,gull bonaparte s,,,,,tonypandy,,,
1147,1147.0,bird pooled,,,,,phthiotis.gr,,,
1148,1148.0,goose cackling,,,,,corsica,,,
1149,1149.0,crow american,,,,,viotia.gr,,,
1150,1150.0,goose embden,,,,,treherbert,,,
1151,1151.0,duck mottled,,,,,ferndale,,,
1152,1152.0,hawk red tailed,,,,,fairbourne,,,
1153,1153.0,owl barn,,,,,aberthin,,,
1154,1154.0,lesser yellowleg,,,,,lecce,,,
1155,1155.0,pintail northern,,,,,sakha_republic,,,
1156,1156.0,duck pekin,,,,,kozani,,,
1157,1157.0,swan trumpeter,,,,,tinos.gr,,,
1158,1158.0,african gray parrot,,,,,timis,,,
1159,1159.0,pheasant not otherwise specified,,,,,nizhny-novgorod,,,
1160,1160.0,harrier northern,,,,,llanngeinor,,,
1161,1161.0,goldeneye common,,,,,samos_island,,,
1162,1162.0,goose snow,,,,,nantglyn,,,
1163,1163.0,pheasant ring necked,,,,,castelobranco_pt,,,
1164,1164.0,goose not otherwise specified,,,,,gelligaer,,,
1165,1165.0,grackle common,,,,,larisa_gr,,,
1166,1166.0,duck muscovy,,,,,oryol_oblast,,,
1167,1167.0,quail not otherwise specified,,,,,sint_maarten,,,
1168,1168.0,partridge chukar,,,,,cluj,,,
1169,1169.0,chicken leghorn,,,,,guarda_pt,,,
1170,1170.0,owl not otherwise specified,,,,,brecon,,,
1171,1171.0,bird not otherwise specified,,,,,missouri,,,
1172,1172.0,merganser hooded,,,,,rassau,,,
1173,1173.0,goose ross s,,,,,vinicne,,,
1174,1174.0,duck wild not otherwise specified,,,,,romania_bz,,,
1175,1175.0,antarctic_petrel,,,,,carrog,,,
1176,1176.0,rock_dove,,,,,botosani,,,
1177,1177.0,pintail_duck,,,,,friuliveneziagiuliapn,,,
1178,1178.0,hermit_thrush,,,,,pyrgos.gr,,,
1179,1179.0,american_widgeon,,,,,poitou_charentes,,,
1180,1180.0,finch,,,,,cataluna,,,
1181,1181.0,glaucose winged gull,,,,,hun,,,
1182,1182.0,chukar partridge,,,,,zaporizhzhya,,,
1183,1183.0,embden goose,,,,,novoselitsy,,,
1184,1184.0,pie billed grebe,,,,,kaunas,,,
1185,1185.0,chukar_partridge,,,,,madeira_pt,,,
1186,1186.0,duck_hybrid,,,,,astrakhan_oblast,,,
1187,1187.0,pie-billed grebe,,,,,llanfihangel_glyn_myfyr,,,
1188,1188.0,glaucose-winged gull,,,,,salehard,,,
1189,1189.0,black-necked stilt,,,,,partizanske,,,
1190,1190.0,chinese goose,,,,,volos.gr,,,
1191,1191.0,bluebird,,,,,enna,,,
1192,1192.0,ring necked pheasant,,,,,komotini,,,
1193,1193.0,lesser black backed gull,,,,,grevena,,,
1194,1194.0,dendrocygna_viduata,,,,,maenclochog,,,
1195,1195.0,glaucose-winged_gull,,,,,korinthos.gr,,,
1196,1196.0,furnarius_rufus,,,,,finlad,,,
1197,1197.0,cygnus_melancoryphus,,,,,cyclades.gr,,,
1198,1198.0,hooded_merganser_duck,,,,,napoli,,,
1199,1199.0,dromaius_novaehollandiae,,,,,sealand,,,
1200,1200.0,pie-billed_grebe,,,,,urengoy,,,
1201,1201.0,gull herring,,,,,trikala_gr,,,
1202,1202.0,,,,,,zakarpatska,,,
1203,1203.0,,,,,,kmelnitsk,,,
1204,1204.0,,,,,,coity,,,
1205,1205.0,,,,,,zelenogradsk,,,
1206,1206.0,,,,,,arta_gr,,,
1207,1207.0,,,,,,dniprodzerdzinsk,,,
1208,1208.0,,,,,,plzen,,,
1209,1209.0,,,,,,preveza.gr,,,
1210,1210.0,,,,,,arkadia.gr,,,
1211,1211.0,,,,,,swffryd,,,
1212,1212.0,,,,,,rhymney,,,
1213,1213.0,,,,,,senica,,,
1214,1214.0,,,,,,giannitsa,,,
1215,1215.0,,,,,,birobidzshan,,,
1216,1216.0,,,,,,rhoose,,,
1217,1217.0,,,,,,targu-mures,,,
1218,1218.0,,,,,,vladimir_oblast,,,
1219,1219.0,,,,,,empolicg,,,
1220,1220.0,,,,,,swirtzerland,,,
1221,1221.0,,,,,,serbia-ns,,,
1222,1222.0,,,,,,autria,,,
1223,1223.0,,,,,,saint-martin,,,
1224,1224.0,,,,,,preveza_gr,,,
1225,1225.0,,,,,,vrancea,,,
1226,1226.0,,,,,,verkhneokinsky,,,
1227,1227.0,,,,,,beja_pt,,,
1228,1228.0,,,,,,bangorondee,,,
1229,1229.0,,,,,,bryansk,,,
1230,1230.0,,,,,,samos_island.gr,,,
1231,1231.0,,,,,,rhodos_island.gr,,,
1232,1232.0,,,,,,attica.grc,,,
1233,1233.0,,,,,,kemerovo_oblast,,,
1234,1234.0,,,,,,maramures,,,
1235,1235.0,,,,,,la_rioja,,,
1236,1236.0,,,,,,karelia,,,
1237,1237.0,,,,,,cherkasy,,,
1238,1238.0,,,,,,florina,,,
1239,1239.0,,,,,,vitebsk,,,
1240,1240.0,,,,,,gresford,,,
1241,1241.0,,,,,,yermolino,,,
1242,1242.0,,,,,,penyffordd,,,
1243,1243.0,,,,,,kragujevac,,,
1244,1244.0,,,,,,iceland183,,,
1245,1245.0,,,,,,friuli_venezia_giulia,,,
1246,1246.0,,,,,,modra,,,
1247,1247.0,,,,,,hopkinstown,,,
1248,1248.0,,,,,,strumicad_z_27z,,,
1249,1249.0,,,,,,fishguard,,,
1250,1250.0,,,,,,moskva,,,
1251,1251.0,,,,,,thesssaloniki,,,
1252,1252.0,,,,,,carmel,,,
1253,1253.0,,,,,,pirgos.gr,,,
1254,1254.0,,,,,,vybyti,,,
1255,1255.0,,,,,,llandew,,,
1256,1256.0,,,,,,queensferry,,,
1257,1257.0,,,,,,telsiai,,,
1258,1258.0,,,,,,braga_pt,,,
1259,1259.0,,,,,,obaston,,,
1260,1260.0,,,,,,sered,,,
1261,1261.0,,,,,,penley,,,
1262,1262.0,,,,,,naousa,,,
1263,1263.0,,,,,,clermont_ferrand,,,
1264,1264.0,,,,,,abertridwr,,,
1265,1265.0,,,,,,penrhiwceiber,,,
1266,1266.0,,,,,,piestany,,,
1267,1267.0,,,,,,s._petersburg,,,
1268,1268.0,,,,,,acores_pt,,,
1269,1269.0,,,,,,s._peteresburg,,,
1270,1270.0,,,,,,vonitsa.gr,,,
1271,1271.0,,,,,,santarem_pt,,,
1272,1272.0,,,,,,borisov,,,
1273,1273.0,,,,,,rivne,,,
1274,1274.0,,,,,,slovenis,,,
1275,1275.0,,,,,,southsea,,,
1276,1276.0,,,,,,ancona,,,
1277,1277.0,,,,,,new_inn,,,
1278,1278.0,,,,,,senghenydd,,,
1279,1279.0,,,,,,mures,,,
1280,1280.0,,,,,,fochriw,,,
1281,1281.0,,,,,,llandissilio,,,
1282,1282.0,,,,,,nalchik,,,
1283,1283.0,,,,,,caeathro,,,
1284,1284.0,,,,,,kastoria,,,
1285,1285.0,,,,,,iiv-birobidzhan,,,
1286,1286.0,,,,,,gueret,,,
1287,1287.0,,,,,,baleares100,,,
1288,1288.0,,,,,,komarno,,,
1289,1289.0,,,,,,perm_oblast,,,
1290,1290.0,,,,,,romania_cl,,,
1291,1291.0,,,,,,st_etienne,,,
1292,1292.0,,,,,,crete_gr,,,
1293,1293.0,,,,,,strasbourg,,,
1294,1294.0,,,,,,kyklades.grc,,,
1295,1295.0,,,,,,castilla_la_mancha,,,
1296,1296.0,,,,,,mogiliov,,,
1297,1297.0,,,,,,patras_gr,,,
1298,1298.0,,,,,,alba,,,
1299,1299.0,,,,,,croesyceiliog,,,
1300,1300.0,,,,,,moscow-oblast,,,
1301,1301.0,,,,,,livadia,,,
1302,1302.0,,,,,,siladice,,,
1303,1303.0,,,,,,cefn_coed,,,
1304,1304.0,,,,,,pendoylan,,,
1305,1305.0,,,,,,tumen,,,
1306,1306.0,,,,,,ioannina,,,
1307,1307.0,,,,,,llangynwyd,,,
1308,1308.0,,,,,,tregarth,,,
1309,1309.0,,,,,,pontneddfechan,,,
1310,1310.0,,,,,,khrenovoe,,,
1311,1311.0,,,,,,ffairfach,,,
1312,1312.0,,,,,,chania_gr,,,
1313,1313.0,,,,,,mayotte,,,
1314,1314.0,,,,,,povazska_bystrica,,,
1315,1315.0,,,,,,volin,,,
1316,1316.0,,,,,,ivano-frankivsk,,,
1317,1317.0,,,,,,chios_island.gr,,,
1318,1318.0,,,,,,montpellier,,,
1319,1319.0,,,,,,cefncribwr,,,
1320,1320.0,,,,,,mordovia,,,
1321,1321.0,,,,,,belarus,,,
1322,1322.0,,,,,,gdansk,,,
1323,1323.0,,,,,,st-petersburg,,,
1324,1324.0,,,,,,veria,,,
1325,1325.0,,,,,,baden_wurttemberg,,,
1326,1326.0,,,,,,lareunion,,,
1327,1327.0,,,,,,overton,,,
1328,1328.0,,,,,,caras-severin,,,
1329,1329.0,,,,,,lviv,,,
1330,1330.0,,,,,,chernihiv,,,
1331,1331.0,,,,,,kandalaksha,,,
1332,1332.0,,,,,,leiria_pt,,,
1333,1333.0,,,,,,kirovograd,,,
1334,1334.0,,,,,,kochani,,,
1335,1335.0,,,,,,_nordrhein-westfalen,,,
1336,1336.0,,,,,,acores,,,
1337,1337.0,,,,,,roma-iss,,,
1338,1338.0,,,,,,_austria,,,
1339,1339.0,,,,,,arta.gr,,,
1340,1340.0,,,,,,fermo,,,
1341,1341.0,,,,,,clamart,,,
1342,1342.0,,,,,,romans,,,
1343,1343.0,,,,,,crete_island.gr,,,
1344,1344.0,,,,,,crickhowell,,,
1345,1345.0,,,,,,llanharan,,,
1346,1346.0,,,,,,saint-martin_d'heres,,,
1347,1347.0,,,,,,castillayleon,,,
1348,1348.0,,,,,,pontycymer,,,
1349,1349.0,,,,,,pontycymmer,,,
1350,1350.0,,,,,,lanelli,,,
1351,1351.0,,,,,,bosnia,,,
1352,1352.0,,,,,,zakynthos_island.gr,,,
1353,1353.0,,,,,,castelo_branco_pt,,,
1354,1354.0,,,,,,prievidza,,,
1355,1355.0,,,,,,neath_port_talbot,,,
1356,1356.0,,,,,,georgetown,,,
1357,1357.0,,,,,,rhosneigr,,,
1358,1358.0,,,,,,novgorod,,,
1359,1359.0,,,,,,lyon-croix-rousse,,,
1360,1360.0,,,,,,dnepropetrovsk,,,
1361,1361.0,,,,,,kilkis,,,
1362,1362.0,,,,,,krymsk,,,
1363,1363.0,,,,,,libourne,,,
1364,1364.0,,,,,,sweden1,,,
1365,1365.0,,,,,,blaenffos,,,
1366,1366.0,,,,,,bosnia_and_herzegovia,,,
1367,1367.0,,,,,,austia,,,
1368,1368.0,,,,,,sobotiste,,,
1369,1369.0,,,,,,rethymno.gr,,,
1370,1370.0,,,,,,sakhalin,,,
1371,1371.0,,,,,,belogorsk,,,
1372,1372.0,,,,,,macon,,,
1373,1373.0,,,,,,h1n1genoa,,,
1374,1374.0,,,,,,pembrey,,,
1375,1375.0,,,,,,bourgoin-jallieu,,,
1376,1376.0,,,,,,vologd,,,
1377,1377.0,,,,,,aveiro_pt,,,
1378,1378.0,,,,,,ohrid,,,
1379,1379.0,,,,,,stpetersburg,,,
1380,1380.0,,,,,,rheinlandpfalz,,,
1381,1381.0,,,,,,groningen,,,
1382,1382.0,,,,,,leiden,,,
1383,1383.0,,,,,,perth,,,
1384,1384.0,,,,,,podgorica,,,
1385,1385.0,,,,,,lyon_gi,,,
1386,1386.0,,,,,,nib,,,
1387,1387.0,,,,,,olsztyn-pl,,,
1388,1388.0,,,,,,hannover,,,
1389,1389.0,,,,,,vilnus,,,
1390,1390.0,,,,,,sofia,,,
1391,1391.0,,,,,,volos,,,
1392,1392.0,,,,,,czechoslovakia,,,
1393,1393.0,,,,,,grodno,,,
1394,1394.0,,,,,,zagreb,,,
1395,1395.0,,,,,,nordrhein-wesrfalen,,,
1396,1396.0,,,,,,thessalonika,,,
1397,1397.0,,,,,,kiev,,,
1398,1398.0,,,,,,kalingrad,,,
1399,1399.0,,,,,,n_novgorod,,,
1400,1400.0,,,,,,jihlava,,,
1401,1401.0,,,,,,north_novgorod,,,
1402,1402.0,,,,,,nl,,,
1403,1403.0,,,,,,nyiregyhaza,,,
1404,1404.0,,,,,,dniprodzerzinsk,,,
1405,1405.0,,,,,,dublin,,,
1406,1406.0,,,,,,lesvos,,,
1407,1407.0,,,,,,netherland,,,
1408,1408.0,,,,,,christ's_hospital,,,
1409,1409.0,,,,,,crundale,,,
1410,1410.0,,,,,,trefforest,,,
1411,1411.0,,,,,,aubenas,,,
1412,1412.0,,,,,,foggia,,,
1413,1413.0,,,,,,valday,,,
1414,1414.0,,,,,,wallonia,,,
1415,1415.0,,,,,,ilia.gr,,,
1416,1416.0,,,,,,austria1577520,,,
1417,1417.0,,,,,,drozhzhanoe,,,
1418,1418.0,,,,,,murmask,,,
1419,1419.0,,,,,,la-rochelle,,,
1420,1420.0,,,,,,padeswood,,,
1421,1421.0,,,,,,church_village,,,
1422,1422.0,,,,,,champagne-ardenne,,,
1423,1423.0,,,,,,mordoviya,,,
1424,1424.0,,,,,,abersoch,,,
1425,1425.0,,,,,,syktyvkarcrie,,,
1426,1426.0,,,,,,sulekovo,,,
1427,1427.0,,,,,,annonay,,,
1428,1428.0,,,,,,yfelinheli,,,
1429,1429.0,,,,,,bai-khaak,,,
1430,1430.0,,,,,,noyal-pontivy,,,
1431,1431.0,,,,,,cuprija,,,
1432,1432.0,,,,,,sedbury,,,
1433,1433.0,,,,,,hmelnizk,,,
1434,1434.0,,,,,,provence-alpes-cote_d'azur,,,
1435,1435.0,,,,,,chalkidiki,,,
1436,1436.0,,,,,,aberystywyth,,,
1437,1437.0,,,,,,zakibye,,,
1438,1438.0,,,,,,rheinland_pfalz,,,
1439,1439.0,,,,,,kalamata_gr,,,
1440,1440.0,,,,,,lyon_chu,,,
1441,1441.0,,,,,,tuva_republic,,,
1442,1442.0,,,,,,varese,,,
1443,1443.0,,,,,,romania_sv,,,
1444,1444.0,,,,,,berlin43,,,
1445,1445.0,,,,,,hawarden,,,
1446,1446.0,,,,,,evros,,,
1447,1447.0,,,,,,cagnes_sur_mer,,,
1448,1448.0,,,,,,mountainash,,,
1449,1449.0,,,,,,newquay,,,
1450,1450.0,,,,,,ossetia-alania,,,
1451,1451.0,,,,,,nefteyugansk,,,
1452,1452.0,,,,,,romania_bv,,,
1453,1453.0,,,,,,corinth.gr,,,
1454,1454.0,,,,,,glyndyfrdwy,,,
1455,1455.0,,,,,,antibes,,,
1456,1456.0,,,,,,bobruisk,,,
1457,1457.0,,,,,,089,,,
1458,1458.0,,,,,,friuliveneziagiuliaud,,,
1459,1459.0,,,,,,euskadi,,,
1460,1460.0,,,,,,lipezk,,,
1461,1461.0,,,,,,villejuif,,,
1462,1462.0,,,,,,new_tredegar,,,
1463,1463.0,,,,,,bln,,,
1464,1464.0,,,,,,granada,,,
1465,1465.0,,,,,,monmouthshire,,,
1466,1466.0,,,,,,kursk_oblast,,,
1467,1467.0,,,,,,voroneg,,,
1468,1468.0,,,,,,semrino,,,
1469,1469.0,,,,,,alsace1471,,,
1470,1470.0,,,,,,penmaenmawr,,,
1471,1471.0,,,,,,kaa-khem,,,
1472,1472.0,,,,,,leskovac,,,
1473,1473.0,,,,,,caersws,,,
1474,1474.0,,,,,,ystradmynach,,,
1475,1475.0,,,,,,bologna,,,
1476,1476.0,,,,,,pancevo,,,
1477,1477.0,,,,,,penrhynbay,,,
1478,1478.0,,,,,,pontlottyn,,,
1479,1479.0,,,,,,pjovazska_bystrica,,,
1480,1480.0,,,,,,argolida.gr,,,
1481,1481.0,,,,,,colwynbay,,,
1482,1482.0,,,,,,llantwitmajor,,,
1483,1483.0,,,,,,iceland+norway,,,
1484,1484.0,,,,,,baden_wuerttemburg,,,
1485,1485.0,,,,,,flanders,,,
1486,1486.0,,,,,,betwys_y_coed,,,
1487,1487.0,,,,,,gigean,,,
1488,1488.0,,,,,,pennsylvania,,,
1489,1489.0,,,,,,peloponnese,,,
1490,1490.0,,,,,,prerov,,,
1491,1491.0,,,,,,tylorstown,,,
1492,1492.0,,,,,,france+italy+turkey,,,
1493,1493.0,,,,,,martinique,,,
1494,1494.0,,,,,,romania223741,,,
1495,1495.0,,,,,,bedwas,,,
1496,1496.0,,,,,,sparti,,,
1497,1497.0,,,,,,khmelnytsky,,,
1498,1498.0,,,,,,rethymno_crete_gr,,,
1499,1499.0,,,,,,syktyvkarc,,,
1500,1500.0,,,,,,the_netherlands+japan,,,
1501,1501.0,,,,,,niedersachen,,,
1502,1502.0,,,,,,presteigne,,,
1503,1503.0,,,,,,h3n2genoa,,,
1504,1504.0,,,,,,knighton,,,
1505,1505.0,,,,,,molodechno,,,
1506,1506.0,,,,,,chateaulin,,,
1507,1507.0,,,,,,europe,,,
1508,1508.0,,,,,,st_laurent_du_var,,,
1509,1509.0,,,,,,lefkada_island.gr,,,
1510,1510.0,,,,,,greenfield,,,
1511,1511.0,,,,,,blaenavon,,,
1512,1512.0,,,,,,republic_of_tuva,,,
1513,1513.0,,,,,,baltiysk,,,
1514,1514.0,,,,,,sketty,,,
1515,1515.0,,,,,,barjols,,,
1516,1516.0,,,,,,sturovo,,,
1517,1517.0,,,,,,netherlads,,,
1518,1518.0,,,,,,caras_severin,,,
1519,1519.0,,,,,,senghennyd,,,
1520,1520.0,,,,,,balgium,,,
1521,1521.0,,,,,,tirane,,,
1522,1522.0,,,,,,kilgetty,,,
1523,1523.0,,,,,,poitiers1071,,,
1524,1524.0,,,,,,uchaf,,,
1525,1525.0,,,,,,pontardulais,,,
1526,1526.0,,,,,,nis,,,
1527,1527.0,,,,,,lima,,,
1528,1528.0,,,,,,pozarevac,,,
1529,1529.0,,,,,,dinaspowys,,,
1530,1530.0,,,,,,st_asaph,,,
1531,1531.0,,,,,,korinthos.grc,,,
1532,1532.0,,,,,,ely,,,
1533,1533.0,,,,,,abercanaid,,,
1534,1534.0,,,,,,kalamata.gr,,,
1535,1535.0,,,,,,st-etienne,,,
1536,1536.0,,,,,,symonds-yat,,,
1537,1537.0,,,,,,heraklion_crete_gr,,,
1538,1538.0,,,,,,goodwick,,,
1539,1539.0,,,,,,the_netherlands,,,
1540,1540.0,,,,,,romania_vn,,,
1541,1541.0,,,,,,brasov,,,
1542,1542.0,,,,,,dubovka,,,
1543,1543.0,,,,,,drama,,,
1544,1544.0,,,,,,zrenjanin,,,
1545,1545.0,,,,,,moulins,,,
1546,1546.0,,,,,,policlinico-milano,,,
1547,1547.0,,,,,,st.peterburg,,,
1548,1548.0,,,,,,skadovsk,,,
1549,1549.0,,,,,,canberra,,,
1550,1550.0,,,,,,bialystok,,,
1551,1551.0,,,,,,rpf,,,
1552,1552.0,,,,,,machen,,,
1553,1553.0,,,,,,clynderwen,,,
1554,1554.0,,,,,,czech_rep,,,
1555,1555.0,,,,,,rostov_on_don,,,
1556,1556.0,,,,,,ivanovo_oblast,,,
1557,1557.0,,,,,,rochefort,,,
1558,1558.0,,,,,,madeira,,,
1559,1559.0,,,,,,astrahkan,,,
1560,1560.0,,,,,,nordrhein_westfalen,,,
1561,1561.0,,,,,,saintetienne,,,
1562,1562.0,,,,,,zaporizzya,,,
1563,1563.0,,,,,,newtown,,,
1564,1564.0,,,,,,n.i,,,
1565,1565.0,,,,,,czech_republic_,,,
1566,1566.0,,,,,,via_real,,,
1567,1567.0,,,,,,saint_nazaire,,,
1568,1568.0,,,,,,glasgow,,,
1569,1569.0,,,,,,lesvos.grc,,,
1570,1570.0,,,,,,peloponnese.gr,,,
1571,1571.0,,,,,,baden-wuerttemburg,,,
1572,1572.0,,,,,,clydach_vale,,,
1573,1573.0,,,,,,ystradgynlais,,,
1574,1574.0,,,,,,crie,,,
1575,1575.0,,,,,,barletta-andria-trani,,,
1576,1576.0,,,,,,gomel,,,
1577,1577.0,,,,,,nizhniy_novgorod,,,
1578,1578.0,,,,,,zhitomir,,,
1579,1579.0,,,,,,zaragoza,,,
1580,1580.0,,,,,,yaryslavl,,,
1581,1581.0,,,,,,klacany,,,
1582,1582.0,,,,,,gronant,,,
1583,1583.0,,,,,,marignier,,,
1584,1584.0,,,,,,pyle,,,
1585,1585.0,,,,,,canary_islands,,,
1586,1586.0,,,,,,giurgiu,,,
1587,1587.0,,,,,,brynygarreg,,,
1588,1588.0,,,,,,astrahan,,,
1589,1589.0,,,,,,bucharest,,,
1590,1590.0,,,,,,ceska_lipa,,,
1591,1591.0,,,,,,shagonar,,,
1592,1592.0,,,,,,spata.gr,,,
1593,1593.0,,,,,,frejus,,,
1594,1594.0,,,,,,angers,,,
1595,1595.0,,,,,,simiane-collongue,,,
1596,1596.0,,,,,,czech_republic150,,,
1597,1597.0,,,,,,orsha,,,
1598,1598.0,,,,,,syros_island.gr,,,
1599,1599.0,,,,,,s._mitrovica,,,
1600,1600.0,,,,,,preston,,,
1601,1601.0,,,,,,khanty,,,
1602,1602.0,,,,,,alsace1470,,,
1603,1603.0,,,,,,sydney,,,
1604,1604.0,,,,,,gorzowwlkp,,,
1605,1605.0,,,,,,rajka,,,
1606,1606.0,,,,,,evritania.gr,,,
1607,1607.0,,,,,,komjatice,,,
1608,1608.0,,,,,,skalica,,,
1609,1609.0,,,,,,tonyrefail,,,
1610,1610.0,,,,,,yoshkar,,,
1611,1611.0,,,,,,clydach,,,
1612,1612.0,,,,,,ehpad,,,
1613,1613.0,,,,,,malmo,,,
1614,1614.0,,,,,,miskin,,,
1615,1615.0,,,,,,severodvinsk,,,
1616,1616.0,,,,,,larissa,,,
1617,1617.0,,,,,,austria1573386,,,
1618,1618.0,,,,,,sastin,,,
1619,1619.0,,,,,,iraklion_crete.gr,,,
1620,1620.0,,,,,,penydarren,,,
1621,1621.0,,,,,,anadyr,,,
1622,1622.0,,,,,,britain,,,
1623,1623.0,,,,,,bavly,,,
1624,1624.0,,,,,,valjevo,,,
1625,1625.0,,,,,,ivacevichi,,,
1626,1626.0,,,,,,beograd,,,
1627,1627.0,,,,,,sabac,,,
1628,1628.0,,,,,,inverness,,,
1629,1629.0,,,,,,basse__normandie,,,
1630,1630.0,,,,,,krasnogvardeyskoye,,,
1631,1631.0,,,,,,friuliveneziagiuliats,,,
1632,1632.0,,,,,,pella.gr,,,
1633,1633.0,,,,,,pela,,,
1634,1634.0,,,,,,caltanissetta,,,
1635,1635.0,,,,,,porto,,,
1636,1636.0,,,,,,pontprennau,,,
1637,1637.0,,,,,,mecklenburg_vorpommern,,,
1638,1638.0,,,,,,llanfairpwllgwyngyllgogerychwyrndrobwllllantysiliogogogoch,,,
1639,1639.0,,,,,,schleswig_holstein,,,
1640,1640.0,,,,,,pointe-a-pitre,,,
1641,1641.0,,,,,,stockholm20,,,
1642,1642.0,,,,,,pontyberem,,,
1643,1643.0,,,,,,yamalo,,,
1644,1644.0,,,,,,tripoli_gr,,,
1645,1645.0,,,,,,novoaidar,,,
1646,1646.0,,,,,,575,,,
1647,1647.0,,,,,,bur,,,
1648,1648.0,,,,,,lysychansk,,,
1649,1649.0,,,,,,antratsit,,,
1650,1650.0,,,,,,576,,,
1651,1651.0,,,,,,rubezhnoye,,,
1652,1652.0,,,,,,1496,,,
1653,1653.0,,,,,,1660,,,
1654,1654.0,,,,,,eindhoven,,,
1655,1655.0,,,,,,baden-wuerrtemberg,,,
1656,1656.0,,,,,,cottbus,,,
1657,1657.0,,,,,,cordoba,,,
1658,1658.0,,,,,,1352,,,
1659,1659.0,,,,,,christ_hospital,,,
1660,1660.0,,,,,,san_sebastian,,,
1661,1661.0,,,,,,melitopol,,,
1662,1662.0,,,,,,melovoye,,,
1663,1663.0,,,,,,florence,,,
1664,1664.0,,,,,,oms,,,
1665,,,,,,,castilla-la_mancha,,,
1666,,,,,,,guadeloupe,,,
1667,,,,,,,opole,,,
