,Run,Assay Type,AvgSpotLen,Bases,BioProject,BioSample,BioSampleModel,Bytes,Center Name,Collection_Date,Consent,DATASTORE filetype,DATASTORE provider,DATASTORE region,Experiment,geo_loc_name_country,geo_loc_name_country_continent,geo_loc_name,Host,Instrument,isolate,Library Name,LibraryLayout,LibrarySelection,LibrarySource,Organism,Platform,ReleaseDate,create_date,version,Sample Name,SRA Study,serotype,isolation_source,BioSample Accession,is_retracted,retraction_detection_date_utc,name_state,sample,date,File Name,Genotype,"Genotype List Used, >=98.0%",Genotype Sample Title List,Genotype Percent Match List,Genotype Mismatch List,Genotype Average Depth of Coverage List,Geo_Location,Collection_Date_Specific
0,SRR33830324,WGS,147.97,74609244,PRJNA1207547,SAMN48895309,Viral,27537881,USDA-NVSL,2025,public,"run.zq,fastq,run","s3,gs","s3.us-east-1,gs.us-east1",SRX29051284,USA,,USA,TURKEY VULTURE,NextSeq 2000,25-013422-001,25-013422-001-original-repeat2,PAIRED,RANDOM,VIRAL RNA,Influenza A virus,ILLUMINA,2025-06-06,2025-06-04 14:09:57,1,25-013422-001,SRP557452,,BLOOD SWAB,SRS25266441,False,,USA,SRR33830324,2025-06-06_07-56-21,SRR33830324.fa,D1.1,"NP:am13, NS:ea3, PB2:am24, HA:ea3, PB1:ea3, MP:ea3, NA:am4N1, PA:am4","am13:24-030039-001:NP, ea3:22-013001-001:NS, am24:24-030039-001:PB2, ea3:22-013001-001:HA, ea3:22-013001-001:PB1, ea3:22-013001-001:MP, am4N1:24-030039-001:NA, am4:24-030039-001:PA","99.80%, 99.17%, 99.74%, 99.24%, 99.34%, 100.00%, 99.04%, 99.60%","3, 7, 6, 13, 15, 0, 10, 7",Ran on FASTA - No Coverage Report,USA,2025
1,SRR33830325,WGS,148.64,156899568,PRJNA1207547,SAMN48895308,Viral,62096192,USDA-NVSL,2025,public,"run.zq,fastq,run","s3,gs","s3.us-east-1,gs.us-east1",SRX29051283,USA,,USA,TURKEY VULTURE,NextSeq 2000,25-015561-001,25-015561-001-original,PAIRED,RANDOM,VIRAL RNA,Influenza A virus,ILLUMINA,2025-06-06,2025-06-04 14:09:58,1,25-015561-001,SRP557452,,CLOACAL/TRACHEAL SWAB POOL,SRS25266440,False,,USA,SRR33830325,2025-06-06_07-56-21,SRR33830325.fa,D1.1,"PA:am4, PB2:am24, HA:ea3, PB1:ea3, MP:ea3, NS:ea3, NA:am4N1, NP:am13","am4:24-030039-001:PA, am24:24-030039-001:PB2, ea3:22-013001-001:HA, ea3:22-013001-001:PB1, ea3:22-013001-001:MP, ea3:22-013001-001:NS, am4N1:24-030039-001:NA, am13:24-030039-001:NP","99.60%, 99.65%, 99.41%, 99.16%, 99.90%, 98.93%, 99.38%, 99.87%","7, 8, 10, 19, 1, 9, 7, 2",Ran on FASTA - No Coverage Report,USA,2025
2,SRR33830326,WGS,137.62,616674,PRJNA1207547,SAMN48895307,Viral,313930,USDA-NVSL,2025,public,"run.zq,fastq,run","s3,gs","s3.us-east-1,gs.us-east1",SRX29051282,USA,,USA,RED-TAILED HAWK,NextSeq 2000,25-013427-001,25-013427-001-original-repeat2,PAIRED,RANDOM,VIRAL RNA,Influenza A virus,ILLUMINA,2025-06-06,2025-06-04 14:09:31,1,25-013427-001,SRP557452,,BLOOD SWAB,SRS25266439,False,,USA,SRR33830326,2025-06-06_07-56-21,SRR33830326.fa,D1.1,"MP:ea3, PB1:ea3, NA:am4N1, PB2:am24, HA:ea3, NS:ea3, PA:am4, NP:am13","ea3:22-013001-001:MP, ea3:22-013001-001:PB1, am4N1:24-030039-001:NA, am24:24-030039-001:PB2, ea3:22-013001-001:HA, ea3:22-013001-001:NS, am4:24-030039-001:PA, am13:24-030039-001:NP","99.90%, 99.68%, 99.33%, 99.78%, 99.41%, 98.93%, 99.76%, 99.67%","1, 2, 7, 5, 10, 9, 2, 5",Ran on FASTA - No Coverage Report,USA,2025
3,SRR33830327,WGS,148.23,57621808,PRJNA1207547,SAMN48895306,Viral,21591302,USDA-NVSL,2025,public,"run.zq,fastq,run","s3,gs","s3.us-east-1,gs.us-east1",SRX29051281,USA,,USA,RED-TAILED HAWK,NextSeq 2000,25-013424-001,25-013424-001-original-repeat2,PAIRED,RANDOM,VIRAL RNA,Influenza A virus,ILLUMINA,2025-06-06,2025-06-04 14:09:54,1,25-013424-001,SRP557452,,BLOOD SWAB,SRS25266438,False,,USA,SRR33830327,2025-06-06_07-56-20,SRR33830327.fa,D1.1,"PA:am4, MP:ea3, NP:am13, NS:ea3, NA:am4N1, PB2:am24, PB1:ea3, HA:ea3","am4:24-030039-001:PA, ea3:22-013001-001:MP, am13:24-030039-001:NP, ea3:22-013001-001:NS, am4N1:24-030039-001:NA, am24:24-030039-001:PB2, ea3:22-013001-001:PB1, ea3:22-013001-001:HA","99.81%, 99.90%, 99.87%, 99.28%, 99.52%, 99.69%, 99.12%, 99.35%","4, 1, 2, 6, 5, 7, 20, 11",Ran on FASTA - No Coverage Report,USA,2025
4,SRR33830328,WGS,148.93,140872576,PRJNA1207547,SAMN48895305,Viral,56890513,USDA-NVSL,2025,public,"run.zq,fastq,run","s3,gs","s3.us-east-1,gs.us-east1",SRX29051280,USA,,USA,GREAT HORNED OWL,NextSeq 2000,25-015870-001,25-015870-001-original,PAIRED,RANDOM,VIRAL RNA,Influenza A virus,ILLUMINA,2025-06-06,2025-06-04 14:10:14,1,25-015870-001,SRP557452,,swab,SRS25266437,False,,USA,SRR33830328,2025-06-06_07-56-20,SRR33830328.fa,D1.1,"NS:ea3, NA:am4N1, PB1:ea3, MP:ea3, PB2:am24, HA:ea3, PA:am4, NP:am13","ea3:22-013001-001:NS, am4N1:24-030039-001:NA, ea3:22-013001-001:PB1, ea3:22-013001-001:MP, am24:24-030039-001:PB2, ea3:22-013001-001:HA, am4:24-030039-001:PA, am13:24-030039-001:NP","99.17%, 99.03%, 99.30%, 99.90%, 99.61%, 99.41%, 99.40%, 99.67%","7, 11, 16, 1, 9, 10, 13, 5",Ran on FASTA - No Coverage Report,USA,2025
5,SRR33830329,WGS,148.69,94286386,PRJNA1207547,SAMN48895304,Viral,37454397,USDA-NVSL,2025,public,"run.zq,fastq,run","s3,gs","s3.us-east-1,gs.us-east1",SRX29051279,USA,,USA,COMMON GRACKLE,NextSeq 2000,25-015755-001,25-015755-001-original,PAIRED,RANDOM,VIRAL RNA,Influenza A virus,ILLUMINA,2025-06-06,2025-06-04 14:09:54,1,25-015755-001,SRP557452,,CLOACAL/TRACHEAL SWAB POOL,SRS25266436,False,,USA,SRR33830329,2025-06-06_07-56-21,SRR33830329.fa,D1.1,"PB1:ea3, NS:ea3, PB2:am24, HA:ea3, NA:am4N1, PA:am4, MP:ea3, NP:am13","ea3:22-013001-001:PB1, ea3:22-013001-001:NS, am24:24-030039-001:PB2, ea3:22-013001-001:HA, am4N1:24-030039-001:NA, am4:24-030039-001:PA, ea3:22-013001-001:MP, am13:24-030039-001:NP","99.25%, 98.81%, 99.65%, 99.41%, 99.03%, 99.31%, 99.69%, 99.73%","17, 10, 8, 10, 11, 12, 3, 4",Ran on FASTA - No Coverage Report,USA,2025
6,SRR33830330,WGS,144.8,141248923,PRJNA1207547,SAMN48895303,Viral,55408362,USDA-NVSL,2025,public,"run.zq,fastq,run","s3,gs","s3.us-east-1,gs.us-east1",SRX29051278,USA,,USA,BLACK VULTURE,NextSeq 2000,25-015563-001,25-015563-001-original,PAIRED,RANDOM,VIRAL RNA,Influenza A virus,ILLUMINA,2025-06-06,2025-06-04 14:10:02,1,25-015563-001,SRP557452,,CLOACAL/TRACHEAL SWAB POOL,SRS25266435,False,,USA,SRR33830330,2025-06-06_07-56-21,SRR33830330.fa,D1.1,"NP:am13, NA:am4N1, MP:ea3, NS:ea3, HA:ea3, PB1:ea3, PA:am4, PB2:am24","am13:24-030039-001:NP, am4N1:24-030039-001:NA, ea3:22-013001-001:MP, ea3:22-013001-001:NS, ea3:22-013001-001:HA, ea3:22-013001-001:PB1, am4:24-030039-001:PA, am24:24-030039-001:PB2","99.80%, 99.38%, 100.00%, 99.05%, 99.30%, 99.38%, 99.49%, 99.87%","3, 7, 0, 8, 12, 14, 9, 3",Ran on FASTA - No Coverage Report,USA,2025
7,SRR33830331,WGS,147.61,60989466,PRJNA1207547,SAMN48895302,Viral,22847982,USDA-NVSL,2025,public,"run.zq,fastq,run","s3,gs","s3.us-east-1,gs.us-east1",SRX29051277,USA,,USA,BALD EAGLE,NextSeq 2000,25-013426-001,25-013426-001-original-repeat2,PAIRED,RANDOM,VIRAL RNA,Influenza A virus,ILLUMINA,2025-06-06,2025-06-04 14:09:58,1,25-013426-001,SRP557452,,BLOOD SWAB,SRS25266434,False,,USA,SRR33830331,2025-06-06_07-56-21,SRR33830331.fa,D1.1,"MP:ea3, PB1:ea3, NS:ea3, HA:ea3, PA:am4, PB2:am24, NA:am4N1, NP:am13","ea3:22-013001-001:MP, ea3:22-013001-001:PB1, ea3:22-013001-001:NS, ea3:22-013001-001:HA, am4:24-030039-001:PA, am24:24-030039-001:PB2, am4N1:24-030039-001:NA, am13:24-030039-001:NP","99.80%, 99.34%, 98.81%, 99.47%, 99.67%, 99.78%, 99.33%, 99.67%","2, 15, 10, 9, 7, 5, 7, 5",Ran on FASTA - No Coverage Report,USA,2025
8,SRR33830332,WGS,148.03,56622681,PRJNA1207547,SAMN48895310,Viral,21065609,USDA-NVSL,2025,public,"run.zq,fastq,run","s3,gs","s3.us-east-1,gs.us-east1",SRX29051276,USA,,USA,TURKEY VULTURE,NextSeq 2000,25-013422-002,25-013422-002-original-repeat2,PAIRED,RANDOM,VIRAL RNA,Influenza A virus,ILLUMINA,2025-06-06,2025-06-04 14:10:04,1,25-013422-002,SRP557452,,BLOOD SWAB,SRS25266433,False,,USA,SRR33830332,2025-06-06_07-56-20,SRR33830332.fa,D1.1,"NP:am13, NS:ea3, MP:ea3, PB2:am24, PB1:ea3, HA:ea3, NA:am4N1, PA:am4","am13:24-030039-001:NP, ea3:22-013001-001:NS, ea3:22-013001-001:MP, am24:24-030039-001:PB2, ea3:22-013001-001:PB1, ea3:22-013001-001:HA, am4N1:24-030039-001:NA, am4:24-030039-001:PA","99.80%, 99.17%, 100.00%, 99.74%, 99.34%, 99.24%, 99.33%, 99.66%","3, 7, 0, 6, 15, 13, 7, 6",Ran on FASTA - No Coverage Report,USA,2025
9,SRR33830333,WGS,148.74,132308939,PRJNA1207547,SAMN48895301,Viral,52071973,USDA-NVSL,2025,public,"run.zq,fastq,run","s3,gs","s3.us-east-1,gs.us-east1",SRX29051275,USA,,USA,BALD EAGLE,NextSeq 2000,25-015562-001,25-015562-001-original,PAIRED,RANDOM,VIRAL RNA,Influenza A virus,ILLUMINA,2025-06-06,2025-06-04 14:10:00,1,25-015562-001,SRP557452,,CLOACAL/TRACHEAL SWAB POOL,SRS25266432,False,,USA,SRR33830333,2025-06-06_07-56-21,SRR33830333.fa,D1.1,"PB2:am24, HA:ea3, NP:am13, MP:ea3, PB1:ea3, PA:am4, NA:am4N1, NS:ea3","am24:24-030039-001:PB2, ea3:22-013001-001:HA, am13:24-030039-001:NP, ea3:22-013001-001:MP, ea3:22-013001-001:PB1, am4:24-030039-001:PA, am4N1:24-030039-001:NA, ea3:22-013001-001:NS","99.83%, 99.53%, 99.87%, 99.59%, 99.28%, 99.72%, 99.38%, 99.17%","4, 8, 2, 4, 13, 5, 7, 7",Ran on FASTA - No Coverage Report,USA,2025
10,SRR33830334,WGS,148.96,82560783,PRJNA1207547,SAMN48895300,Viral,32716088,USDA-NVSL,2025,public,"run.zq,fastq,run","s3,gs","s3.us-east-1,gs.us-east1",SRX29051274,USA,,USA,BALD EAGLE,NextSeq 2000,25-015759-001,25-015759-001-original,PAIRED,RANDOM,VIRAL RNA,Influenza A virus,ILLUMINA,2025-06-06,2025-06-04 14:09:56,1,25-015759-001,SRP557452,,CLOACAL/TRACHEAL SWAB POOL,SRS25266431,False,,USA,SRR33830334,2025-06-06_07-56-21,SRR33830334.fa,D1.1,"NP:am13, MP:ea3, PB2:am24, NS:ea3, NA:am4N1, PB1:ea3, HA:ea3, PA:am4","am13:24-030039-001:NP, ea3:22-013001-001:MP, am24:24-030039-001:PB2, ea3:22-013001-001:NS, am4N1:24-030039-001:NA, ea3:22-013001-001:PB1, ea3:22-013001-001:HA, am4:24-030039-001:PA","99.87%, 99.69%, 99.61%, 98.81%, 99.33%, 99.22%, 99.35%, 99.66%","2, 3, 9, 10, 7, 14, 11, 6",Ran on FASTA - No Coverage Report,USA,2025
11,SRR33830340,WGS,148.51,42793204,PRJNA980729,SAMN48895409,Viral,16158018,USDA-NVSL,2025,public,"run.zq,fastq,run","s3,gs","s3.us-east-1,gs.us-east1",SRX29051299,USA,,USA,CHICKEN,NextSeq 2000,25-016339-009,25-016339-009-original,PAIRED,RANDOM,VIRAL RNA,Influenza A virus,ILLUMINA,2025-06-06,2025-06-04 14:15:52,1,25-016339-009,SRP441379,,OROPHARYNGEAL SWAB,SRS25266456,False,,USA,SRR33830340,2025-06-06_07-56-21,SRR33830340.fa,D1.1,"HA:ea3, PB2:am24, NS:ea3, MP:ea3, NP:am13, PB1:ea3, PA:am4, NA:am4N1","ea3:22-013001-001:HA, am24:24-030039-001:PB2, ea3:22-013001-001:NS, ea3:22-013001-001:MP, am13:24-030039-001:NP, ea3:22-013001-001:PB1, am4:24-030039-001:PA, am4N1:24-030039-001:NA","99.41%, 99.56%, 98.81%, 100.00%, 99.40%, 99.25%, 99.44%, 99.04%","10, 10, 10, 0, 9, 17, 12, 10",Ran on FASTA - No Coverage Report,USA,2025
12,SRR33830341,WGS,145.66,93545294,PRJNA980729,SAMN48895408,Viral,34887419,USDA-NVSL,2025,public,"run.zq,fastq,run","s3,gs","s3.us-east-1,gs.us-east1",SRX29051298,USA,,USA,CHICKEN,NextSeq 2000,25-016339-008,25-016339-008-original,PAIRED,RANDOM,VIRAL RNA,Influenza A virus,ILLUMINA,2025-06-06,2025-06-04 14:16:06,1,25-016339-008,SRP441379,,OROPHARYNGEAL SWAB,SRS25266455,False,,USA,SRR33830341,2025-06-06_07-56-21,SRR33830341.fa,D1.1,"PB1:ea3, PA:am4, MP:ea3, NA:am4N1, NS:ea3, PB2:am24, HA:ea3, NP:am13","ea3:22-013001-001:PB1, am4:24-030039-001:PA, ea3:22-013001-001:MP, am4N1:24-030039-001:NA, ea3:22-013001-001:NS, am24:24-030039-001:PB2, ea3:22-013001-001:HA, am13:24-030039-001:NP","99.25%, 99.44%, 100.00%, 99.04%, 98.69%, 99.52%, 99.41%, 99.40%","17, 12, 0, 10, 11, 11, 10, 9",Ran on FASTA - No Coverage Report,USA,2025
13,SRR33830342,WGS,148.27,35593479,PRJNA980729,SAMN48895407,Viral,13482029,USDA-NVSL,2025,public,"run.zq,fastq,run","s3,gs","s3.us-east-1,gs.us-east1",SRX29051297,USA,,USA,CHICKEN,NextSeq 2000,25-016339-007,25-016339-007-original,PAIRED,RANDOM,VIRAL RNA,Influenza A virus,ILLUMINA,2025-06-06,2025-06-04 14:16:09,1,25-016339-007,SRP441379,,OROPHARYNGEAL SWAB,SRS25266454,False,,USA,SRR33830342,2025-06-06_07-56-20,SRR33830342.fa,D1.1,"HA:ea3, NA:am4N1, MP:ea3, PB1:ea3, NP:am13, NS:ea3, PB2:am24, PA:am4","ea3:22-013001-001:HA, am4N1:24-030039-001:NA, ea3:22-013001-001:MP, ea3:22-013001-001:PB1, am13:24-030039-001:NP, ea3:22-013001-001:NS, am24:24-030039-001:PB2, am4:24-030039-001:PA","99.41%, 99.04%, 100.00%, 99.25%, 99.40%, 98.81%, 99.56%, 99.43%","10, 10, 0, 17, 9, 10, 10, 10",Ran on FASTA - No Coverage Report,USA,2025
14,SRR33830343,WGS,148.3,69358341,PRJNA980729,SAMN48895406,Viral,25927040,USDA-NVSL,2025,public,"run.zq,fastq,run","s3,gs","s3.us-east-1,gs.us-east1",SRX29051296,USA,,USA,CHICKEN,NextSeq 2000,25-016339-006,25-016339-006-original,PAIRED,RANDOM,VIRAL RNA,Influenza A virus,ILLUMINA,2025-06-06,2025-06-04 14:16:11,1,25-016339-006,SRP441379,,OROPHARYNGEAL SWAB,SRS25266453,False,,USA,SRR33830343,2025-06-06_07-56-20,SRR33830343.fa,D1.1,"NA:am4N1, PA:am4, PB2:am24, HA:ea3, NP:am13, PB1:ea3, MP:ea3, NS:ea3","am4N1:24-030039-001:NA, am4:24-030039-001:PA, am24:24-030039-001:PB2, ea3:22-013001-001:HA, am13:24-030039-001:NP, ea3:22-013001-001:PB1, ea3:22-013001-001:MP, ea3:22-013001-001:NS","99.04%, 99.44%, 99.56%, 99.41%, 99.40%, 99.25%, 100.00%, 98.81%","10, 12, 10, 10, 9, 17, 0, 10",Ran on FASTA - No Coverage Report,USA,2025
15,SRR33830344,WGS,148.05,70110371,PRJNA980729,SAMN48895405,Viral,26079459,USDA-NVSL,2025,public,"run.zq,fastq,run","s3,gs","s3.us-east-1,gs.us-east1",SRX29051295,USA,,USA,CHICKEN,NextSeq 2000,25-016339-005,25-016339-005-original,PAIRED,RANDOM,VIRAL RNA,Influenza A virus,ILLUMINA,2025-06-06,2025-06-04 14:16:27,1,25-016339-005,SRP441379,,OROPHARYNGEAL SWAB,SRS25266452,False,,USA,SRR33830344,2025-06-06_07-56-21,SRR33830344.fa,D1.1,"MP:ea3, PA:am4, PB2:am24, HA:ea3, PB1:ea3, NA:am4N1, NS:ea3, NP:am13","ea3:22-013001-001:MP, am4:24-030039-001:PA, am24:24-030039-001:PB2, ea3:22-013001-001:HA, ea3:22-013001-001:PB1, am4N1:24-030039-001:NA, ea3:22-013001-001:NS, am13:24-030039-001:NP","100.00%, 99.44%, 99.52%, 99.41%, 99.25%, 99.04%, 98.81%, 99.40%","0, 12, 11, 10, 17, 10, 10, 9",Ran on FASTA - No Coverage Report,USA,2025
16,SRR33830345,WGS,148.27,14164173,PRJNA980729,SAMN48895404,Viral,5465612,USDA-NVSL,2025,public,"run.zq,fastq,run","s3,gs","s3.us-east-1,gs.us-east1",SRX29051294,USA,,USA,CHICKEN,NextSeq 2000,25-016339-004,25-016339-004-original,PAIRED,RANDOM,VIRAL RNA,Influenza A virus,ILLUMINA,2025-06-06,2025-06-04 14:16:15,1,25-016339-004,SRP441379,,OROPHARYNGEAL SWAB,SRS25266451,False,,USA,SRR33830345,2025-06-06_07-56-21,SRR33830345.fa,D1.1,"NA:am4N1, NP:am13, PB2:am24, PB1:ea3, PA:am4, MP:ea3, NS:ea3, HA:ea3","am4N1:24-030039-001:NA, am13:24-030039-001:NP, am24:24-030039-001:PB2, ea3:22-013001-001:PB1, am4:24-030039-001:PA, ea3:22-013001-001:MP, ea3:22-013001-001:NS, ea3:22-013001-001:HA","99.04%, 99.40%, 99.56%, 99.25%, 99.43%, 100.00%, 98.81%, 99.41%","10, 9, 10, 17, 10, 0, 10, 10",Ran on FASTA - No Coverage Report,USA,2025
17,SRR33830346,WGS,148.52,35781805,PRJNA980729,SAMN48895403,Viral,13728516,USDA-NVSL,2025,public,"run.zq,fastq,run","s3,gs","s3.us-east-1,gs.us-east1",SRX29051293,USA,,USA,CHICKEN,NextSeq 2000,25-016339-003,25-016339-003-original,PAIRED,RANDOM,VIRAL RNA,Influenza A virus,ILLUMINA,2025-06-06,2025-06-04 14:16:36,1,25-016339-003,SRP441379,,OROPHARYNGEAL SWAB,SRS25266450,False,,USA,SRR33830346,2025-06-06_07-56-21,SRR33830346.fa,D1.1,"PB2:am24, NS:ea3, NA:am4N1, PA:am4, PB1:ea3, NP:am13, HA:ea3, MP:ea3","am24:24-030039-001:PB2, ea3:22-013001-001:NS, am4N1:24-030039-001:NA, am4:24-030039-001:PA, ea3:22-013001-001:PB1, am13:24-030039-001:NP, ea3:22-013001-001:HA, ea3:22-013001-001:MP","99.56%, 98.81%, 99.04%, 99.43%, 99.25%, 99.40%, 99.41%, 100.00%","10, 10, 10, 10, 17, 9, 10, 0",Ran on FASTA - No Coverage Report,USA,2025
18,SRR33830347,WGS,148.36,43183157,PRJNA980729,SAMN48895402,Viral,16486922,USDA-NVSL,2025,public,"run.zq,fastq,run","s3,gs","s3.us-east-1,gs.us-east1",SRX29051292,USA,,USA,CHICKEN,NextSeq 2000,25-016339-002,25-016339-002-original,PAIRED,RANDOM,VIRAL RNA,Influenza A virus,ILLUMINA,2025-06-06,2025-06-04 14:16:29,1,25-016339-002,SRP441379,,OROPHARYNGEAL SWAB,SRS25266449,False,,USA,SRR33830347,2025-06-06_07-56-21,SRR33830347.fa,D1.1,"NA:am4N1, PA:am4, PB2:am24, NS:ea3, NP:am13, HA:ea3, PB1:ea3, MP:ea3","am4N1:24-030039-001:NA, am4:24-030039-001:PA, am24:24-030039-001:PB2, ea3:22-013001-001:NS, am13:24-030039-001:NP, ea3:22-013001-001:HA, ea3:22-013001-001:PB1, ea3:22-013001-001:MP","99.04%, 99.44%, 99.52%, 98.69%, 99.40%, 99.41%, 99.25%, 100.00%","10, 12, 11, 11, 9, 10, 17, 0",Ran on FASTA - No Coverage Report,USA,2025
19,SRR33830348,WGS,148.38,64618810,PRJNA980729,SAMN48895401,Viral,24323019,USDA-NVSL,2025,public,"run.zq,fastq,run","s3,gs","s3.us-east-1,gs.us-east1",SRX29051291,USA,,USA,CHICKEN,NextSeq 2000,25-016339-001,25-016339-001-original,PAIRED,RANDOM,VIRAL RNA,Influenza A virus,ILLUMINA,2025-06-06,2025-06-04 14:16:30,1,25-016339-001,SRP441379,,OROPHARYNGEAL SWAB,SRS25266448,False,,USA,SRR33830348,2025-06-06_07-56-20,SRR33830348.fa,D1.1,"NP:am13, MP:ea3, PB2:am24, NS:ea3, PA:am4, HA:ea3, NA:am4N1, PB1:ea3","am13:24-030039-001:NP, ea3:22-013001-001:MP, am24:24-030039-001:PB2, ea3:22-013001-001:NS, am4:24-030039-001:PA, ea3:22-013001-001:HA, am4N1:24-030039-001:NA, ea3:22-013001-001:PB1","99.40%, 100.00%, 99.56%, 98.81%, 99.44%, 99.41%, 99.04%, 99.25%","9, 0, 10, 10, 12, 10, 10, 17",Ran on FASTA - No Coverage Report,USA,2025
20,SRR33830349,WGS,148.41,47830400,PRJNA980729,SAMN48895400,Viral,18164763,USDA-NVSL,2025,public,"run.zq,fastq,run","s3,gs","s3.us-east-1,gs.us-east1",SRX29051290,USA,,USA,CHICKEN,NextSeq 2000,25-016338-002,25-016338-002-original,PAIRED,RANDOM,VIRAL RNA,Influenza A virus,ILLUMINA,2025-06-06,2025-06-04 14:16:31,1,25-016338-002,SRP441379,,swab,SRS25266447,False,,USA,SRR33830349,2025-06-06_07-56-21,SRR33830349.fa,D1.1,"NA:am4N1, PB1:ea3, NP:am13, PB2:am24, NS:ea3, MP:ea3, HA:ea3, PA:am4","am4N1:24-030039-001:NA, ea3:22-013001-001:PB1, am13:24-030039-001:NP, am24:24-030039-001:PB2, ea3:22-013001-001:NS, ea3:22-013001-001:MP, ea3:22-013001-001:HA, am4:24-030039-001:PA","99.52%, 99.21%, 99.60%, 99.43%, 98.93%, 99.69%, 99.35%, 99.26%","5, 18, 6, 13, 9, 3, 11, 13",Ran on FASTA - No Coverage Report,USA,2025
21,SRR33830355,WGS,148.33,55990153,PRJNA1102327,SAMN48895509,Viral,20858207,USDA-NVSL,2025,public,"run.zq,fastq,run","s3,gs","s3.us-east-1,gs.us-east1",SRX29051399,USA,,USA,CATTLE,NextSeq 2000,25-016216-005,25-016216-005-original,PAIRED,RANDOM,VIRAL RNA,Influenza A virus,ILLUMINA,2025-06-06,2025-06-04 14:24:08,1,25-016216-005,SRP503016,,"MILK, BULK TANK",SRS25266555,False,,USA,SRR33830355,2025-06-06_07-56-21,SRR33830355.fa,B3.13,"HA:ea1, PB2:am2.2, PA:ea1, MP:ea1, PB1:am4, NA:ea1, NP:am8, NS:am1.1","ea1:22-003707-003:HA, am2.2:22-010445-001:PB2, ea1:22-003707-003:PA, ea1:22-003707-003:MP, am4:23-001855-001:PB1, ea1:22-003707-003:NA, am8:23-032005-001:NP, am1.1:22-010085-001:NS","98.06%, 98.33%, 98.88%, 98.98%, 99.52%, 98.72%, 98.86%, 98.93%","33, 38, 24, 10, 11, 18, 17, 9",Ran on FASTA - No Coverage Report,USA,2025
22,SRR33830356,WGS,147.98,66468300,PRJNA1102327,SAMN48895508,Viral,24829045,USDA-NVSL,2025,public,"run.zq,fastq,run","s3,gs","s3.us-east-1,gs.us-east1",SRX29051398,USA,,USA,CATTLE,NextSeq 2000,25-016216-004,25-016216-004-original,PAIRED,RANDOM,VIRAL RNA,Influenza A virus,ILLUMINA,2025-06-06,2025-06-04 14:24:20,1,25-016216-004,SRP503016,,"MILK, BULK TANK",SRS25266554,False,,USA,SRR33830356,2025-06-06_07-56-21,SRR33830356.fa,B3.13,"NA:ea1, PB2:am2.2, NS:am1.1, PB1:am4, PA:ea1, MP:ea1, HA:ea1, NP:am8","ea1:22-003707-003:NA, am2.2:22-010445-001:PB2, am1.1:22-010085-001:NS, am4:23-001855-001:PB1, ea1:22-003707-003:PA, ea1:22-003707-003:MP, ea1:22-003707-003:HA, am8:23-032005-001:NP","98.58%, 98.47%, 98.81%, 99.47%, 98.84%, 98.88%, 98.24%, 98.86%","20, 35, 10, 12, 25, 11, 30, 17",Ran on FASTA - No Coverage Report,USA,2025
23,SRR33830357,WGS,148.41,43625396,PRJNA1102327,SAMN48895507,Viral,16503039,USDA-NVSL,2025,public,"run.zq,fastq,run","s3,gs","s3.us-east-1,gs.us-east1",SRX29051397,USA,,USA,CATTLE,NextSeq 2000,25-016216-003,25-016216-003-original,PAIRED,RANDOM,VIRAL RNA,Influenza A virus,ILLUMINA,2025-06-06,2025-06-04 14:24:11,1,25-016216-003,SRP503016,,"MILK, BULK TANK",SRS25266553,False,,USA,SRR33830357,2025-06-06_07-56-20,SRR33830357.fa,B3.13,"NA:ea1, PB2:am2.2, NS:am1.1, HA:ea1, PB1:am4, NP:am8, MP:ea1, PA:ea1","ea1:22-003707-003:NA, am2.2:22-010445-001:PB2, am1.1:22-010085-001:NS, ea1:22-003707-003:HA, am4:23-001855-001:PB1, am8:23-032005-001:NP, ea1:22-003707-003:MP, ea1:22-003707-003:PA","98.58%, 98.47%, 98.81%, 98.24%, 99.47%, 98.86%, 98.88%, 98.84%","20, 35, 10, 30, 12, 17, 11, 25",Ran on FASTA - No Coverage Report,USA,2025
24,SRR33830358,WGS,148.18,71752435,PRJNA1102327,SAMN48895506,Viral,26662968,USDA-NVSL,2025,public,"run.zq,fastq,run","s3,gs","s3.us-east-1,gs.us-east1",SRX29051396,USA,,USA,CATTLE,NextSeq 2000,25-016216-002,25-016216-002-original,PAIRED,RANDOM,VIRAL RNA,Influenza A virus,ILLUMINA,2025-06-06,2025-06-04 14:24:40,1,25-016216-002,SRP503016,,"MILK, BULK TANK",SRS25266552,False,,USA,SRR33830358,2025-06-06_07-56-21,SRR33830358.fa,B3.13,"NA:ea1, NP:am8, PB1:am4, NS:am1.1, MP:ea1, PB2:am2.2, HA:ea1, PA:ea1","ea1:22-003707-003:NA, am8:23-032005-001:NP, am4:23-001855-001:PB1, am1.1:22-010085-001:NS, ea1:22-003707-003:MP, am2.2:22-010445-001:PB2, ea1:22-003707-003:HA, ea1:22-003707-003:PA","98.65%, 98.93%, 99.56%, 98.57%, 98.78%, 98.51%, 98.30%, 98.88%","19, 16, 10, 12, 12, 34, 29, 24",Ran on FASTA - No Coverage Report,USA,2025
25,SRR33830359,WGS,148.43,44659981,PRJNA1102327,SAMN48895505,Viral,16718129,USDA-NVSL,2025,public,"run.zq,fastq,run","s3,gs","s3.us-east-1,gs.us-east1",SRX29051395,USA,,USA,CATTLE,NextSeq 2000,25-016216-001,25-016216-001-original,PAIRED,RANDOM,VIRAL RNA,Influenza A virus,ILLUMINA,2025-06-06,2025-06-04 15:00:34,1,25-016216-001,SRP503016,,"MILK, BULK TANK",SRS25266551,False,,USA,SRR33830359,2025-06-06_07-56-21,SRR33830359.fa,B3.13,"NP:am8, HA:ea1, PA:ea1, PB1:am4, NA:ea1, MP:ea1, NS:am1.1, PB2:am2.2","am8:23-032005-001:NP, ea1:22-003707-003:HA, ea1:22-003707-003:PA, am4:23-001855-001:PB1, ea1:22-003707-003:NA, ea1:22-003707-003:MP, am1.1:22-010085-001:NS, am2.2:22-010445-001:PB2","98.93%, 98.00%, 98.84%, 99.52%, 98.58%, 98.98%, 98.69%, 98.33%","16, 34, 25, 11, 20, 10, 11, 38",Ran on FASTA - No Coverage Report,USA,2025
26,SRR33830360,WGS,148.33,53767974,PRJNA1102327,SAMN48895504,Viral,20301012,USDA-NVSL,2025,public,"run.zq,fastq,run","s3,gs","s3.us-east-1,gs.us-east1",SRX29051394,USA,,USA,CATTLE,NextSeq 2000,25-016215-002,25-016215-002-original,PAIRED,RANDOM,VIRAL RNA,Influenza A virus,ILLUMINA,2025-06-06,2025-06-04 14:24:36,1,25-016215-002,SRP503016,,"MILK, BULK TANK",SRS25266550,False,,USA,SRR33830360,2025-06-06_07-56-21,SRR33830360.fa,B3.13,"PB1:am4, HA:ea1, PA:ea1, NS:am1.1, PB2:am2.2, NP:am8, MP:ea1, NA:ea1","am4:23-001855-001:PB1, ea1:22-003707-003:HA, ea1:22-003707-003:PA, am1.1:22-010085-001:NS, am2.2:22-010445-001:PB2, am8:23-032005-001:NP, ea1:22-003707-003:MP, ea1:22-003707-003:NA","99.56%, 98.18%, 98.65%, 98.81%, 98.27%, 98.86%, 98.98%, 98.65%","10, 31, 29, 10, 37, 17, 10, 19",Ran on FASTA - No Coverage Report,USA,2025
28,SRR33830362,WGS,147.95,8088162,PRJNA1102327,SAMN48895503,Viral,3197660,USDA-NVSL,2025,public,"run.zq,fastq,run","s3,gs","s3.us-east-1,gs.us-east1",SRX29051392,USA,,USA,CATTLE,NextSeq 2000,25-016215-001,25-016215-001-original,PAIRED,RANDOM,VIRAL RNA,Influenza A virus,ILLUMINA,2025-06-06,2025-06-04 14:24:33,1,25-016215-001,SRP503016,,"MILK, BULK TANK",SRS25266548,False,,USA,SRR33830362,2025-06-06_07-56-21,SRR33830362.fa,B3.13,"PB2:am2.2, PA:ea1, HA:ea1, MP:ea1, NP:am8, PB1:am4, NS:am1.1, NA:ea1","am2.2:22-010445-001:PB2, ea1:22-003707-003:PA, ea1:22-003707-003:HA, ea1:22-003707-003:MP, am8:23-032005-001:NP, am4:23-001855-001:PB1, am1.1:22-010085-001:NS, ea1:22-003707-003:NA","98.32%, 98.88%, 98.18%, 98.98%, 98.80%, 99.47%, 98.81%, 98.58%","36, 24, 31, 10, 18, 12, 10, 20",Ran on FASTA - No Coverage Report,USA,2025
29,SRR33830363,WGS,148.31,61741250,PRJNA1102327,SAMN48895502,Viral,23203209,USDA-NVSL,2025,public,"run.zq,fastq,run","s3,gs","s3.us-east-1,gs.us-east1",SRX29051391,USA,,USA,CATTLE,NextSeq 2000,25-016214-001,25-016214-001-original,PAIRED,RANDOM,VIRAL RNA,Influenza A virus,ILLUMINA,2025-06-06,2025-06-04 14:24:44,1,25-016214-001,SRP503016,,"MILK, BULK TANK",SRS25266547,False,,USA,SRR33830363,2025-06-06_07-56-21,SRR33830363.fa,B3.13,"NS:am1.1, PA:ea1, PB2:am2.2, NA:ea1, PB1:am4, HA:ea1, NP:am8, MP:ea1","am1.1:22-010085-001:NS, ea1:22-003707-003:PA, am2.2:22-010445-001:PB2, ea1:22-003707-003:NA, am4:23-001855-001:PB1, ea1:22-003707-003:HA, am8:23-032005-001:NP, ea1:22-003707-003:MP","98.93%, 98.84%, 98.55%, 98.65%, 99.52%, 98.18%, 98.93%, 98.88%","9, 25, 33, 19, 11, 31, 16, 11",Ran on FASTA - No Coverage Report,USA,2025
30,SRR33830364,WGS,148.25,49451353,PRJNA1102327,SAMN48895501,Viral,18539367,USDA-NVSL,2025,public,"run.zq,fastq,run","s3,gs","s3.us-east-1,gs.us-east1",SRX29051390,USA,,USA,CATTLE,NextSeq 2000,25-016212-002,25-016212-002-original,PAIRED,RANDOM,VIRAL RNA,Influenza A virus,ILLUMINA,2025-06-06,2025-06-04 14:24:43,1,25-016212-002,SRP503016,,"MILK, BULK TANK",SRS25266546,False,,USA,SRR33830364,2025-06-06_07-56-20,SRR33830364.fa,B3.13,"NP:am8, NS:am1.1, HA:ea1, MP:ea1, PA:ea1, PB2:am2.2, NA:ea1, PB1:am4","am8:23-032005-001:NP, am1.1:22-010085-001:NS, ea1:22-003707-003:HA, ea1:22-003707-003:MP, ea1:22-003707-003:PA, am2.2:22-010445-001:PB2, ea1:22-003707-003:NA, am4:23-001855-001:PB1","98.86%, 98.93%, 98.18%, 98.98%, 98.75%, 98.51%, 98.65%, 99.56%","17, 9, 31, 10, 27, 34, 19, 10",Ran on FASTA - No Coverage Report,USA,2025
31,SRR33830365,WGS,148.51,63694221,PRJNA1102327,SAMN48895500,Viral,23790332,USDA-NVSL,2025,public,"run.zq,fastq,run","s3,gs","s3.us-east-1,gs.us-east1",SRX29051389,USA,,USA,CATTLE,NextSeq 2000,25-016212-001,25-016212-001-original,PAIRED,RANDOM,VIRAL RNA,Influenza A virus,ILLUMINA,2025-06-06,2025-06-04 14:24:39,1,25-016212-001,SRP503016,,"MILK, BULK TANK",SRS25266545,False,,USA,SRR33830365,2025-06-06_07-56-22,SRR33830365.fa,B3.13,"PA:ea1, NA:ea1, PB2:am2.2, NS:am1.1, PB1:am4, MP:ea1, HA:ea1, NP:am8","ea1:22-003707-003:PA, ea1:22-003707-003:NA, am2.2:22-010445-001:PB2, am1.1:22-010085-001:NS, am4:23-001855-001:PB1, ea1:22-003707-003:MP, ea1:22-003707-003:HA, am8:23-032005-001:NP","98.75%, 98.65%, 98.55%, 98.93%, 99.52%, 98.98%, 98.12%, 98.93%","27, 19, 33, 9, 11, 10, 32, 16",Ran on FASTA - No Coverage Report,USA,2025
32,SRR33830366,WGS,148.08,60252715,PRJNA1102327,SAMN48895499,Viral,22534494,USDA-NVSL,2025,public,"run.zq,fastq,run","s3,gs","s3.us-east-1,gs.us-east1",SRX29051388,USA,,USA,CATTLE,NextSeq 2000,25-016210-002,25-016210-002-original,PAIRED,RANDOM,VIRAL RNA,Influenza A virus,ILLUMINA,2025-06-06,2025-06-04 14:24:41,1,25-016210-002,SRP503016,,"MILK, BULK TANK",SRS25266544,False,,USA,SRR33830366,2025-06-06_07-56-21,SRR33830366.fa,B3.13,"MP:ea1, PA:ea1, HA:ea1, NP:am8, PB1:am4, PB2:am2.2, NA:ea1, NS:am1.1","ea1:22-003707-003:MP, ea1:22-003707-003:PA, ea1:22-003707-003:HA, am8:23-032005-001:NP, am4:23-001855-001:PB1, am2.2:22-010445-001:PB2, ea1:22-003707-003:NA, am1.1:22-010085-001:NS","98.88%, 98.70%, 98.24%, 98.86%, 99.52%, 98.55%, 98.65%, 98.81%","11, 28, 30, 17, 11, 33, 19, 10",Ran on FASTA - No Coverage Report,USA,2025
33,SRR33830367,WGS,147.88,78567714,PRJNA1102327,SAMN48895498,Viral,29062367,USDA-NVSL,2025,public,"run.zq,fastq,run","s3,gs","s3.us-east-1,gs.us-east1",SRX29051387,USA,,USA,CATTLE,NextSeq 2000,25-016210-001,25-016210-001-original,PAIRED,RANDOM,VIRAL RNA,Influenza A virus,ILLUMINA,2025-06-06,2025-06-04 14:24:44,1,25-016210-001,SRP503016,,"MILK, BULK TANK",SRS25266543,False,,USA,SRR33830367,2025-06-06_07-56-21,SRR33830367.fa,B3.13,"HA:ea1, PA:ea1, NS:am1.1, NA:ea1, PB1:am4, NP:am8, PB2:am2.2, MP:ea1","ea1:22-003707-003:HA, ea1:22-003707-003:PA, am1.1:22-010085-001:NS, ea1:22-003707-003:NA, am4:23-001855-001:PB1, am8:23-032005-001:NP, am2.2:22-010445-001:PB2, ea1:22-003707-003:MP","98.24%, 98.70%, 98.81%, 98.65%, 99.52%, 98.80%, 98.55%, 98.98%","30, 28, 10, 19, 11, 18, 33, 10",Ran on FASTA - No Coverage Report,USA,2025
34,SRR33830368,WGS,148.37,51521992,PRJNA1102327,SAMN48895497,Viral,19630435,USDA-NVSL,2025,public,"run.zq,fastq,run","s3,gs","s3.us-east-1,gs.us-east1",SRX29051386,USA,,USA,CATTLE,NextSeq 2000,25-016209-001,25-016209-001-original,PAIRED,RANDOM,VIRAL RNA,Influenza A virus,ILLUMINA,2025-06-06,2025-06-04 14:24:39,1,25-016209-001,SRP503016,,"MILK, BULK TANK",SRS25266542,False,,USA,SRR33830368,2025-06-06_07-56-21,SRR33830368.fa,B3.13,"NP:am8, NS:am1.1, MP:ea1, PB1:am4, NA:ea1, PB2:am2.2, HA:ea1, PA:ea1","am8:23-032005-001:NP, am1.1:22-010085-001:NS, ea1:22-003707-003:MP, am4:23-001855-001:PB1, ea1:22-003707-003:NA, am2.2:22-010445-001:PB2, ea1:22-003707-003:HA, ea1:22-003707-003:PA","98.93%, 98.69%, 99.08%, 99.52%, 98.65%, 98.33%, 98.18%, 98.88%","16, 11, 9, 11, 19, 38, 31, 24",Ran on FASTA - No Coverage Report,USA,2025
35,SRR33830369,WGS,148.42,22440237,PRJNA1102327,SAMN48895496,Viral,8687219,USDA-NVSL,2025,public,"run.zq,fastq,run","s3,gs","s3.us-east-1,gs.us-east1",SRX29051385,USA,,USA,CATTLE,NextSeq 2000,25-016208-001,25-016208-001-original,PAIRED,RANDOM,VIRAL RNA,Influenza A virus,ILLUMINA,2025-06-06,2025-06-04 14:24:43,1,25-016208-001,SRP503016,,"MILK, BULK TANK",SRS25266541,False,,USA,SRR33830369,2025-06-06_07-56-20,SRR33830369.fa,B3.13,"PB1:am4, NS:am1.1, PB2:am2.2, HA:ea1, PA:ea1, MP:ea1, NA:ea1, NP:am8","am4:23-001855-001:PB1, am1.1:22-010085-001:NS, am2.2:22-010445-001:PB2, ea1:22-003707-003:HA, ea1:22-003707-003:PA, ea1:22-003707-003:MP, ea1:22-003707-003:NA, am8:23-032005-001:NP","99.52%, 98.93%, 98.55%, 98.18%, 98.75%, 98.88%, 98.58%, 98.80%","11, 9, 33, 31, 27, 11, 20, 18",Ran on FASTA - No Coverage Report,USA,2025
36,SRR33830370,WGS,148.36,12252275,PRJNA1102327,SAMN48895495,Viral,4788520,USDA-NVSL,2025,public,"run.zq,fastq,run","s3,gs","s3.us-east-1,gs.us-east1",SRX29051384,USA,,USA,CATTLE,NextSeq 2000,25-016207-001,25-016207-001-original,PAIRED,RANDOM,VIRAL RNA,Influenza A virus,ILLUMINA,2025-06-06,2025-06-04 14:24:34,1,25-016207-001,SRP503016,,"MILK, BULK TANK",SRS25266540,False,,USA,SRR33830370,2025-06-06_07-56-21,SRR33830370.fa,B3.13,"NA:ea1, NS:am1.1, NP:am8, PB1:am4, MP:ea1, PB2:am2.2, HA:ea1, PA:ea1","ea1:22-003707-003:NA, am1.1:22-010085-001:NS, am8:23-032005-001:NP, am4:23-001855-001:PB1, ea1:22-003707-003:MP, am2.2:22-010445-001:PB2, ea1:22-003707-003:HA, ea1:22-003707-003:PA","98.58%, 98.93%, 98.93%, 99.52%, 98.98%, 98.55%, 98.24%, 98.70%","20, 9, 16, 11, 10, 33, 30, 28",Ran on FASTA - No Coverage Report,USA,2025
37,SRR33830371,WGS,147.58,8009222,PRJNA1102327,SAMN48895494,Viral,3200105,USDA-NVSL,2025,public,"run.zq,fastq,run","s3,gs","s3.us-east-1,gs.us-east1",SRX29051383,USA,,USA,CATTLE,NextSeq 2000,25-016205-001,25-016205-001-original,PAIRED,RANDOM,VIRAL RNA,Influenza A virus,ILLUMINA,2025-06-06,2025-06-04 14:24:36,1,25-016205-001,SRP503016,,"MILK, BULK TANK",SRS25266539,False,,USA,SRR33830371,2025-06-06_07-56-21,SRR33830371.fa,B3.13,"MP:ea1, NP:am8, HA:ea1, PA:ea1, NA:ea1, PB1:am4, PB2:am2.2, NS:am1.1","ea1:22-003707-003:MP, am8:23-032005-001:NP, ea1:22-003707-003:HA, ea1:22-003707-003:PA, ea1:22-003707-003:NA, am4:23-001855-001:PB1, am2.2:22-010445-001:PB2, am1.1:22-010085-001:NS","98.98%, 98.93%, 98.18%, 98.79%, 98.65%, 99.52%, 98.55%, 98.93%","10, 16, 31, 26, 19, 11, 33, 9",Ran on FASTA - No Coverage Report,USA,2025
38,SRR33830372,WGS,148.59,117532180,PRJNA1102327,SAMN48895422,Viral,47086986,USDA-NVSL,2025,public,"run.zq,fastq,run","s3,gs","s3.us-east-1,gs.us-east1",SRX29051382,USA,,USA,CATTLE,NextSeq 2000,25-015655-001,25-015655-001-original,PAIRED,RANDOM,VIRAL RNA,Influenza A virus,ILLUMINA,2025-06-06,2025-06-04 14:24:43,1,25-015655-001,SRP503016,,"MILK, BULK TANK",SRS25266538,False,,USA,SRR33830372,2025-06-06_07-56-21,SRR33830372.fa,B3.13,"NS:am1.1, NA:ea1, NP:am8, MP:ea1, PA:ea1, HA:ea1, PB2:am2.2, PB1:am4","am1.1:22-010085-001:NS, ea1:22-003707-003:NA, am8:23-032005-001:NP, ea1:22-003707-003:MP, ea1:22-003707-003:PA, ea1:22-003707-003:HA, am2.2:22-010445-001:PB2, am4:23-001855-001:PB1","98.93%, 98.65%, 98.93%, 98.98%, 98.75%, 98.18%, 98.51%, 99.52%","9, 19, 16, 10, 27, 31, 34, 11",Ran on FASTA - No Coverage Report,USA,2025
39,SRR33830373,WGS,148.27,40795497,PRJNA1102327,SAMN48895493,Viral,15064486,USDA-NVSL,2025,public,"run.zq,fastq,run","s3,gs","s3.us-east-1,gs.us-east1",SRX29051381,USA,,USA,CATTLE,NextSeq 2000,25-016204-001,25-016204-001-original,PAIRED,RANDOM,VIRAL RNA,Influenza A virus,ILLUMINA,2025-06-06,2025-06-04 14:24:36,1,25-016204-001,SRP503016,,"MILK, BULK TANK",SRS25266537,False,,USA,SRR33830373,2025-06-06_07-56-21,SRR33830373.fa,B3.13,"NP:am8, MP:ea1, PB2:am2.2, PA:ea1, PB1:am4, HA:ea1, NA:ea1, NS:am1.1","am8:23-032005-001:NP, ea1:22-003707-003:MP, am2.2:22-010445-001:PB2, ea1:22-003707-003:PA, am4:23-001855-001:PB1, ea1:22-003707-003:HA, ea1:22-003707-003:NA, am1.1:22-010085-001:NS","98.93%, 98.98%, 98.55%, 98.70%, 99.56%, 98.24%, 98.51%, 98.93%","16, 10, 33, 28, 10, 30, 21, 9",Ran on FASTA - No Coverage Report,USA,2025
40,SRR33830374,WGS,148.44,54112702,PRJNA1102327,SAMN48895492,Viral,20080818,USDA-NVSL,2025,public,"run.zq,fastq,run","s3,gs","s3.us-east-1,gs.us-east1",SRX29051380,USA,,USA,CATTLE,NextSeq 2000,25-016202-001,25-016202-001-original,PAIRED,RANDOM,VIRAL RNA,Influenza A virus,ILLUMINA,2025-06-06,2025-06-04 14:24:46,1,25-016202-001,SRP503016,,"MILK, BULK TANK",SRS25266536,False,,USA,SRR33830374,2025-06-06_07-56-21,SRR33830374.fa,B3.13,"MP:ea1, PB2:am2.2, HA:ea1, PA:ea1, NP:am8, PB1:am4, NS:am1.1, NA:ea1","ea1:22-003707-003:MP, am2.2:22-010445-001:PB2, ea1:22-003707-003:HA, ea1:22-003707-003:PA, am8:23-032005-001:NP, am4:23-001855-001:PB1, am1.1:22-010085-001:NS, ea1:22-003707-003:NA","98.98%, 98.55%, 98.18%, 98.65%, 98.86%, 99.47%, 98.93%, 98.65%","10, 33, 31, 29, 17, 12, 9, 19",Ran on FASTA - No Coverage Report,USA,2025
41,SRR33830375,WGS,148.4,46338266,PRJNA1102327,SAMN48895491,Viral,17249995,USDA-NVSL,2025,public,"run.zq,fastq,run","s3,gs","s3.us-east-1,gs.us-east1",SRX29051379,USA,,USA,CATTLE,NextSeq 2000,25-016201-001,25-016201-001-original,PAIRED,RANDOM,VIRAL RNA,Influenza A virus,ILLUMINA,2025-06-06,2025-06-04 14:24:40,1,25-016201-001,SRP503016,,"MILK, BULK TANK",SRS25266535,False,,USA,SRR33830375,2025-06-06_07-56-21,SRR33830375.fa,B3.13,"NA:ea1, PB1:am4, NP:am8, MP:ea1, PB2:am2.2, NS:am1.1, PA:ea1, HA:ea1","ea1:22-003707-003:NA, am4:23-001855-001:PB1, am8:23-032005-001:NP, ea1:22-003707-003:MP, am2.2:22-010445-001:PB2, am1.1:22-010085-001:NS, ea1:22-003707-003:PA, ea1:22-003707-003:HA","98.44%, 99.47%, 98.80%, 98.98%, 98.51%, 98.81%, 98.75%, 98.18%","22, 12, 18, 10, 34, 10, 27, 31",Ran on FASTA - No Coverage Report,USA,2025
42,SRR33830376,WGS,148.16,67747153,PRJNA1102327,SAMN48895490,Viral,25259989,USDA-NVSL,2025,public,"run.zq,fastq,run","s3,gs","s3.us-east-1,gs.us-east1",SRX29051378,USA,,USA,CATTLE,NextSeq 2000,25-016200-002,25-016200-002-original,PAIRED,RANDOM,VIRAL RNA,Influenza A virus,ILLUMINA,2025-06-06,2025-06-04 14:24:43,1,25-016200-002,SRP503016,,"MILK, BULK TANK",SRS25266534,False,,USA,SRR33830376,2025-06-06_07-56-20,SRR33830376.fa,B3.13,"NA:ea1, MP:ea1, PA:ea1, HA:ea1, NS:am1.1, PB1:am4, PB2:am2.2, NP:am8","ea1:22-003707-003:NA, ea1:22-003707-003:MP, ea1:22-003707-003:PA, ea1:22-003707-003:HA, am1.1:22-010085-001:NS, am4:23-001855-001:PB1, am2.2:22-010445-001:PB2, am8:23-032005-001:NP","98.58%, 98.98%, 98.79%, 98.12%, 98.81%, 99.43%, 98.51%, 98.93%","20, 10, 26, 32, 10, 13, 34, 16",Ran on FASTA - No Coverage Report,USA,2025
43,SRR33830377,WGS,147.87,64630123,PRJNA1102327,SAMN48895489,Viral,23939592,USDA-NVSL,2025,public,"run.zq,fastq,run","s3,gs","s3.us-east-1,gs.us-east1",SRX29051377,USA,,USA,CATTLE,NextSeq 2000,25-016200-001,25-016200-001-original,PAIRED,RANDOM,VIRAL RNA,Influenza A virus,ILLUMINA,2025-06-06,2025-06-04 14:24:42,1,25-016200-001,SRP503016,,"MILK, BULK TANK",SRS25266533,False,,USA,SRR33830377,2025-06-06_07-56-20,SRR33830377.fa,B3.13,"PB1:am4, NP:am8, PA:ea1, NA:ea1, PB2:am2.2, HA:ea1, NS:am1.1, MP:ea1","am4:23-001855-001:PB1, am8:23-032005-001:NP, ea1:22-003707-003:PA, ea1:22-003707-003:NA, am2.2:22-010445-001:PB2, ea1:22-003707-003:HA, am1.1:22-010085-001:NS, ea1:22-003707-003:MP","99.47%, 98.93%, 98.79%, 98.58%, 98.51%, 98.12%, 98.81%, 98.98%","12, 16, 26, 20, 34, 32, 10, 10",Ran on FASTA - No Coverage Report,USA,2025
44,SRR33830378,WGS,147.82,61364101,PRJNA1102327,SAMN48895488,Viral,23655539,USDA-NVSL,2025,public,"run.zq,fastq,run","s3,gs","s3.us-east-1,gs.us-east1",SRX29051376,USA,,USA,CATTLE,NextSeq 2000,25-016199-001,25-016199-001-original,PAIRED,RANDOM,VIRAL RNA,Influenza A virus,ILLUMINA,2025-06-06,2025-06-04 14:24:42,1,25-016199-001,SRP503016,,"MILK, BULK TANK",SRS25266532,False,,USA,SRR33830378,2025-06-06_07-56-21,SRR33830378.fa,B3.13,"MP:ea1, NP:am8, NS:am1.1, PB1:am4, PA:ea1, NA:ea1, HA:ea1, PB2:am2.2","ea1:22-003707-003:MP, am8:23-032005-001:NP, am1.1:22-010085-001:NS, am4:23-001855-001:PB1, ea1:22-003707-003:PA, ea1:22-003707-003:NA, ea1:22-003707-003:HA, am2.2:22-010445-001:PB2","98.98%, 98.93%, 98.81%, 99.56%, 98.88%, 98.58%, 98.18%, 98.55%","10, 16, 10, 10, 24, 20, 31, 33",Ran on FASTA - No Coverage Report,USA,2025
45,SRR33830379,WGS,147.94,90867916,PRJNA1102327,SAMN48895487,Viral,33810411,USDA-NVSL,2025,public,"run.zq,fastq,run","s3,gs","s3.us-east-1,gs.us-east1",SRX29051375,USA,,USA,CATTLE,NextSeq 2000,25-016198-001,25-016198-001-original,PAIRED,RANDOM,VIRAL RNA,Influenza A virus,ILLUMINA,2025-06-06,2025-06-04 14:24:46,1,25-016198-001,SRP503016,,"MILK, BULK TANK",SRS25266531,False,,USA,SRR33830379,2025-06-06_07-56-21,SRR33830379.fa,B3.13,"NP:am8, MP:ea1, PA:ea1, HA:ea1, PB1:am4, PB2:am2.2, NA:ea1, NS:am1.1","am8:23-032005-001:NP, ea1:22-003707-003:MP, ea1:22-003707-003:PA, ea1:22-003707-003:HA, am4:23-001855-001:PB1, am2.2:22-010445-001:PB2, ea1:22-003707-003:NA, am1.1:22-010085-001:NS","98.93%, 98.98%, 98.84%, 98.18%, 99.56%, 98.51%, 98.51%, 98.81%","16, 10, 25, 31, 10, 34, 21, 10",Ran on FASTA - No Coverage Report,USA,2025
46,SRR33830380,WGS,148.53,37969966,PRJNA1102327,SAMN48895486,Viral,14276783,USDA-NVSL,2025,public,"run.zq,fastq,run","s3,gs","s3.us-east-1,gs.us-east1",SRX29051374,USA,,USA,CATTLE,NextSeq 2000,25-016196-002,25-016196-002-original,PAIRED,RANDOM,VIRAL RNA,Influenza A virus,ILLUMINA,2025-06-06,2025-06-04 14:24:41,1,25-016196-002,SRP503016,,"MILK, BULK TANK",SRS25266530,False,,USA,SRR33830380,2025-06-06_07-56-20,SRR33830380.fa,B3.13,"NS:am1.1, PB2:am2.2, PA:ea1, NA:ea1, NP:am8, HA:ea1, MP:ea1, PB1:am4","am1.1:22-010085-001:NS, am2.2:22-010445-001:PB2, ea1:22-003707-003:PA, ea1:22-003707-003:NA, am8:23-032005-001:NP, ea1:22-003707-003:HA, ea1:22-003707-003:MP, am4:23-001855-001:PB1","98.69%, 98.51%, 98.88%, 98.58%, 98.93%, 98.30%, 98.88%, 99.56%","11, 34, 24, 20, 16, 29, 11, 10",Ran on FASTA - No Coverage Report,USA,2025
47,SRR33830381,WGS,148.29,78621120,PRJNA1102327,SAMN48895485,Viral,29353828,USDA-NVSL,2025,public,"run.zq,fastq,run","s3,gs","s3.us-east-1,gs.us-east1",SRX29051373,USA,,USA,CATTLE,NextSeq 2000,25-016196-001,25-016196-001-original,PAIRED,RANDOM,VIRAL RNA,Influenza A virus,ILLUMINA,2025-06-06,2025-06-04 14:24:41,1,25-016196-001,SRP503016,,"MILK, BULK TANK",SRS25266529,False,,USA,SRR33830381,2025-06-06_07-56-20,SRR33830381.fa,B3.13,"PA:ea1, PB1:am4, PB2:am2.2, HA:ea1, MP:ea1, NP:am8, NS:am1.1, NA:ea1","ea1:22-003707-003:PA, am4:23-001855-001:PB1, am2.2:22-010445-001:PB2, ea1:22-003707-003:HA, ea1:22-003707-003:MP, am8:23-032005-001:NP, am1.1:22-010085-001:NS, ea1:22-003707-003:NA","98.88%, 99.56%, 98.51%, 98.30%, 98.88%, 98.93%, 98.69%, 98.58%","24, 10, 34, 29, 11, 16, 11, 20",Ran on FASTA - No Coverage Report,USA,2025
49,SRR33830383,WGS,125.06,64284670,PRJNA1102327,SAMN48895421,Viral,25772242,USDA-NVSL,2024,public,"run.zq,fastq,run","s3,gs","s3.us-east-1,gs.us-east1",SRX29051371,USA,,USA,CATTLE,NextSeq 2000,24-038352-001-tile,24-038352-001-tile,PAIRED,RANDOM,VIRAL RNA,Influenza A virus,ILLUMINA,2025-06-06,2025-06-04 14:24:43,1,24-038352-001-tile,SRP503016,,"MILK, BULK TANK",SRS25266527,False,,USA,SRR33830383,2025-06-06_07-56-21,SRR33830383.fa,B3.13,"NA:ea1, MP:ea1, PB2:am2.2, NP:am8, PA:ea1, HA:ea1, PB1:am4, NS:am1.1","ea1:22-003707-003:NA, ea1:22-003707-003:MP, am2.2:22-010445-001:PB2, am8:23-032005-001:NP, ea1:22-003707-003:PA, ea1:22-003707-003:HA, am4:23-001855-001:PB1, am1.1:22-010085-001:NS","98.79%, 98.95%, 98.64%, 98.83%, 98.82%, 98.71%, 99.44%, 99.04%","17, 10, 31, 17, 14, 12, 8, 8",Ran on FASTA - No Coverage Report,USA,2024
50,SRR33830384,WGS,147.75,68168613,PRJNA1102327,SAMN48895483,Viral,25428846,USDA-NVSL,2025,public,"run.zq,fastq,run","s3,gs","s3.us-east-1,gs.us-east1",SRX29051370,USA,,USA,CATTLE,NextSeq 2000,25-010490-001-v,25-010490-001-v,PAIRED,RANDOM,VIRAL RNA,Influenza A virus,ILLUMINA,2025-06-06,2025-06-04 14:24:41,1,25-010490-001-v,SRP503016,,"MILK, BULK TANK",SRS25266526,False,,USA,SRR33830384,2025-06-06_07-56-21,SRR33830384.fa,B3.13,"PB2:am2.2, HA:ea1, MP:ea1, PA:ea1, NP:am8, NS:am1.1, NA:ea1, PB1:am4","am2.2:22-010445-001:PB2, ea1:22-003707-003:HA, ea1:22-003707-003:MP, ea1:22-003707-003:PA, am8:23-032005-001:NP, am1.1:22-010085-001:NS, ea1:22-003707-003:NA, am4:23-001855-001:PB1","98.51%, 98.24%, 98.98%, 98.98%, 98.86%, 98.69%, 98.72%, 99.21%","34, 30, 10, 22, 17, 11, 18, 18",Ran on FASTA - No Coverage Report,USA,2025
51,SRR33830385,WGS,148.54,102773773,PRJNA1102327,SAMN48895482,Viral,40648827,USDA-NVSL,2025,public,"run.zq,fastq,run","s3,gs","s3.us-east-1,gs.us-east1",SRX29051369,USA,,USA,CATTLE,NextSeq 2000,25-015748-002,25-015748-002-original,PAIRED,RANDOM,VIRAL RNA,Influenza A virus,ILLUMINA,2025-06-06,2025-06-04 14:24:45,1,25-015748-002,SRP503016,,"MILK, BULK TANK",SRS25266525,False,,USA,SRR33830385,2025-06-06_07-56-21,SRR33830385.fa,B3.13,"PB2:am2.2, NS:am1.1, NA:ea1, MP:ea1, PA:ea1, NP:am8, HA:ea1, PB1:am4","am2.2:22-010445-001:PB2, am1.1:22-010085-001:NS, ea1:22-003707-003:NA, ea1:22-003707-003:MP, ea1:22-003707-003:PA, am8:23-032005-001:NP, ea1:22-003707-003:HA, am4:23-001855-001:PB1","98.55%, 98.81%, 98.58%, 98.88%, 98.88%, 98.93%, 98.18%, 99.56%","33, 10, 20, 11, 24, 16, 31, 10",Ran on FASTA - No Coverage Report,USA,2025
52,SRR33830386,WGS,148.78,144657005,PRJNA1102327,SAMN48895481,Viral,56125171,USDA-NVSL,2025,public,"run.zq,fastq,run","s3,gs","s3.us-east-1,gs.us-east1",SRX29051368,USA,,USA,CATTLE,NextSeq 2000,25-015739-002,25-015739-002-original,PAIRED,RANDOM,VIRAL RNA,Influenza A virus,ILLUMINA,2025-06-06,2025-06-04 14:24:44,1,25-015739-002,SRP503016,,"MILK, BULK TANK",SRS25266524,False,,USA,SRR33830386,2025-06-06_07-56-20,SRR33830386.fa,B3.13,"HA:ea1, NS:am1.1, NP:am8, PB2:am2.2, PB1:am4, MP:ea1, PA:ea1, NA:ea1","ea1:22-003707-003:HA, am1.1:22-010085-001:NS, am8:23-032005-001:NP, am2.2:22-010445-001:PB2, am4:23-001855-001:PB1, ea1:22-003707-003:MP, ea1:22-003707-003:PA, ea1:22-003707-003:NA","98.12%, 98.93%, 98.93%, 98.55%, 99.52%, 98.98%, 98.84%, 98.58%","32, 9, 16, 33, 11, 10, 25, 20",Ran on FASTA - No Coverage Report,USA,2025
53,SRR33830387,WGS,148.62,126804433,PRJNA1102327,SAMN48895480,Viral,50010994,USDA-NVSL,2025,public,"run.zq,fastq,run","s3,gs","s3.us-east-1,gs.us-east1",SRX29051367,USA,,USA,CATTLE,NextSeq 2000,25-015739-001,25-015739-001-original,PAIRED,RANDOM,VIRAL RNA,Influenza A virus,ILLUMINA,2025-06-06,2025-06-04 14:24:49,1,25-015739-001,SRP503016,,"MILK, BULK TANK",SRS25266523,False,,USA,SRR33830387,2025-06-06_07-56-21,SRR33830387.fa,B3.13,"HA:ea1, PB2:am2.2, NS:am1.1, NP:am8, PB1:am4, PA:ea1, NA:ea1, MP:ea1","ea1:22-003707-003:HA, am2.2:22-010445-001:PB2, am1.1:22-010085-001:NS, am8:23-032005-001:NP, am4:23-001855-001:PB1, ea1:22-003707-003:PA, ea1:22-003707-003:NA, ea1:22-003707-003:MP","98.18%, 98.55%, 98.93%, 98.93%, 99.52%, 98.84%, 98.65%, 98.98%","31, 33, 9, 16, 11, 25, 19, 10",Ran on FASTA - No Coverage Report,USA,2025
54,SRR33830388,WGS,148.6,77510206,PRJNA1102327,SAMN48895479,Viral,30659358,USDA-NVSL,2025,public,"run.zq,fastq,run","s3,gs","s3.us-east-1,gs.us-east1",SRX29051366,USA,,USA,CATTLE,NextSeq 2000,25-015738-001,25-015738-001-original,PAIRED,RANDOM,VIRAL RNA,Influenza A virus,ILLUMINA,2025-06-06,2025-06-04 14:24:49,1,25-015738-001,SRP503016,,"MILK, BULK TANK",SRS25266522,False,,USA,SRR33830388,2025-06-06_07-56-21,SRR33830388.fa,B3.13,"PB2:am2.2, PB1:am4, HA:ea1, NA:ea1, NS:am1.1, PA:ea1, NP:am8, MP:ea1","am2.2:22-010445-001:PB2, am4:23-001855-001:PB1, ea1:22-003707-003:HA, ea1:22-003707-003:NA, am1.1:22-010085-001:NS, ea1:22-003707-003:PA, am8:23-032005-001:NP, ea1:22-003707-003:MP","98.47%, 99.43%, 98.18%, 98.58%, 98.81%, 98.75%, 98.93%, 98.98%","35, 13, 31, 20, 10, 27, 16, 10",Ran on FASTA - No Coverage Report,USA,2025
55,SRR33830389,WGS,148.88,100742087,PRJNA1102327,SAMN48895478,Viral,39891728,USDA-NVSL,2025,public,"run.zq,fastq,run","s3,gs","s3.us-east-1,gs.us-east1",SRX29051365,USA,,USA,CATTLE,NextSeq 2000,25-015736-002,25-015736-002-original,PAIRED,RANDOM,VIRAL RNA,Influenza A virus,ILLUMINA,2025-06-06,2025-06-04 14:24:46,1,25-015736-002,SRP503016,,"MILK, BULK TANK",SRS25266521,False,,USA,SRR33830389,2025-06-06_07-56-20,SRR33830389.fa,B3.13,"PA:ea1, MP:ea1, NS:am1.1, HA:ea1, PB2:am2.2, NA:ea1, PB1:am4, NP:am8","ea1:22-003707-003:PA, ea1:22-003707-003:MP, am1.1:22-010085-001:NS, ea1:22-003707-003:HA, am2.2:22-010445-001:PB2, ea1:22-003707-003:NA, am4:23-001855-001:PB1, am8:23-032005-001:NP","98.70%, 98.98%, 98.93%, 98.24%, 98.55%, 98.65%, 99.52%, 98.86%","28, 10, 9, 30, 33, 19, 11, 17",Ran on FASTA - No Coverage Report,USA,2025
56,SRR33830390,WGS,148.61,103426601,PRJNA1102327,SAMN48895477,Viral,41096404,USDA-NVSL,2025,public,"run.zq,fastq,run","s3,gs","s3.us-east-1,gs.us-east1",SRX29051364,USA,,USA,CATTLE,NextSeq 2000,25-015734-004,25-015734-004-original,PAIRED,RANDOM,VIRAL RNA,Influenza A virus,ILLUMINA,2025-06-06,2025-06-04 14:24:40,1,25-015734-004,SRP503016,,"MILK, BULK TANK",SRS25266520,False,,USA,SRR33830390,2025-06-06_07-56-20,SRR33830390.fa,B3.13,"NS:am1.1, PA:ea1, HA:ea1, NP:am8, PB1:am4, MP:ea1, NA:ea1, PB2:am2.2","am1.1:22-010085-001:NS, ea1:22-003707-003:PA, ea1:22-003707-003:HA, am8:23-032005-001:NP, am4:23-001855-001:PB1, ea1:22-003707-003:MP, ea1:22-003707-003:NA, am2.2:22-010445-001:PB2","98.93%, 98.79%, 98.18%, 98.93%, 99.56%, 98.98%, 98.51%, 98.51%","9, 26, 31, 16, 10, 10, 21, 34",Ran on FASTA - No Coverage Report,USA,2025
57,SRR33830391,WGS,147.31,159889345,PRJNA1102327,SAMN48895476,Viral,61970189,USDA-NVSL,2025,public,"run.zq,fastq,run","s3,gs","s3.us-east-1,gs.us-east1",SRX29051363,USA,,USA,CATTLE,NextSeq 2000,25-015734-002,25-015734-002-original,PAIRED,RANDOM,VIRAL RNA,Influenza A virus,ILLUMINA,2025-06-06,2025-06-04 14:24:41,1,25-015734-002,SRP503016,,"MILK, BULK TANK",SRS25266519,False,,USA,SRR33830391,2025-06-06_07-56-21,SRR33830391.fa,B3.13,"PB1:am4, PB2:am2.2, NS:am1.1, PA:ea1, HA:ea1, NA:ea1, MP:ea1, NP:am8","am4:23-001855-001:PB1, am2.2:22-010445-001:PB2, am1.1:22-010085-001:NS, ea1:22-003707-003:PA, ea1:22-003707-003:HA, ea1:22-003707-003:NA, ea1:22-003707-003:MP, am8:23-032005-001:NP","99.56%, 98.51%, 98.93%, 98.79%, 98.18%, 98.58%, 98.98%, 98.93%","10, 34, 9, 26, 31, 20, 10, 16",Ran on FASTA - No Coverage Report,USA,2025
58,SRR33830392,WGS,148.11,144261568,PRJNA1102327,SAMN48895475,Viral,56588852,USDA-NVSL,2025,public,"run.zq,fastq,run","s3,gs","s3.us-east-1,gs.us-east1",SRX29051362,USA,,USA,CATTLE,NextSeq 2000,25-015730-002,25-015730-002-original,PAIRED,RANDOM,VIRAL RNA,Influenza A virus,ILLUMINA,2025-06-06,2025-06-04 14:24:41,1,25-015730-002,SRP503016,,"MILK, BULK TANK",SRS25266518,False,,USA,SRR33830392,2025-06-06_07-56-21,SRR33830392.fa,B3.13,"PB2:am2.2, PA:ea1, MP:ea1, HA:ea1, PB1:am4, NP:am8, NS:am1.1, NA:ea1","am2.2:22-010445-001:PB2, ea1:22-003707-003:PA, ea1:22-003707-003:MP, ea1:22-003707-003:HA, am4:23-001855-001:PB1, am8:23-032005-001:NP, am1.1:22-010085-001:NS, ea1:22-003707-003:NA","98.47%, 98.84%, 98.88%, 98.18%, 99.47%, 98.80%, 98.81%, 98.23%","35, 25, 11, 31, 12, 18, 10, 25",Ran on FASTA - No Coverage Report,USA,2025
59,SRR33830393,WGS,148.01,138802798,PRJNA1102327,SAMN48895474,Viral,54537598,USDA-NVSL,2025,public,"run.zq,fastq,run","s3,gs","s3.us-east-1,gs.us-east1",SRX29051361,USA,,USA,CATTLE,NextSeq 2000,25-015724-003,25-015724-003-original,PAIRED,RANDOM,VIRAL RNA,Influenza A virus,ILLUMINA,2025-06-06,2025-06-04 14:24:45,1,25-015724-003,SRP503016,,"MILK, BULK TANK",SRS25266517,False,,USA,SRR33830393,2025-06-06_07-56-21,SRR33830393.fa,B3.13,"PB1:am4, HA:ea1, PB2:am2.2, NA:ea1, NS:am1.1, NP:am8, PA:ea1, MP:ea1","am4:23-001855-001:PB1, ea1:22-003707-003:HA, am2.2:22-010445-001:PB2, ea1:22-003707-003:NA, am1.1:22-010085-001:NS, am8:23-032005-001:NP, ea1:22-003707-003:PA, ea1:22-003707-003:MP","99.34%, 98.30%, 98.47%, 98.86%, 99.05%, 99.00%, 98.93%, 98.68%","15, 29, 35, 16, 8, 15, 23, 13",Ran on FASTA - No Coverage Report,USA,2025
60,SRR33830394,WGS,142.51,361871299,PRJNA1102327,SAMN48895420,Viral,140909322,USDA-NVSL,2024,public,"run.zq,fastq,run","s3,gs","s3.us-east-1,gs.us-east1",SRX29051360,USA,,USA,CATTLE,NextSeq 2000,24-037350-001-tile,24-037350-001-tile,PAIRED,RANDOM,VIRAL RNA,Influenza A virus,ILLUMINA,2025-06-06,2025-06-04 14:24:49,1,24-037350-001-tile,SRP503016,,milk,SRS25266516,False,,USA,SRR33830394,2025-06-06_07-56-20,SRR33830394.fa,B3.13,"PA:ea1, MP:ea1, NS:am1.1, NP:am8, PB1:am4, NA:ea1, PB2:am2.2, HA:ea1","ea1:22-003707-003:PA, ea1:22-003707-003:MP, am1.1:22-010085-001:NS, am8:23-032005-001:NP, am4:23-001855-001:PB1, ea1:22-003707-003:NA, am2.2:22-010445-001:PB2, ea1:22-003707-003:HA","98.93%, 98.98%, 99.17%, 98.86%, 99.52%, 98.72%, 98.64%, 98.36%","23, 10, 7, 17, 11, 18, 31, 28",Ran on FASTA - No Coverage Report,USA,2024
62,SRR33830396,WGS,147.69,144398602,PRJNA1102327,SAMN48895472,Viral,56514561,USDA-NVSL,2025,public,"run.zq,fastq,run","s3,gs","s3.us-east-1,gs.us-east1",SRX29051358,USA,,USA,CATTLE,NextSeq 2000,25-015723-001,25-015723-001-original,PAIRED,RANDOM,VIRAL RNA,Influenza A virus,ILLUMINA,2025-06-06,2025-06-04 14:24:41,1,25-015723-001,SRP503016,,"MILK, BULK TANK",SRS25266514,False,,USA,SRR33830396,2025-06-06_07-56-21,SRR33830396.fa,B3.13,"NP:am8, NS:am1.1, MP:ea1, PB1:am4, HA:ea1, PA:ea1, PB2:am2.2, NA:ea1","am8:23-032005-001:NP, am1.1:22-010085-001:NS, ea1:22-003707-003:MP, am4:23-001855-001:PB1, ea1:22-003707-003:HA, ea1:22-003707-003:PA, am2.2:22-010445-001:PB2, ea1:22-003707-003:NA","99.00%, 99.05%, 98.68%, 99.34%, 98.24%, 98.93%, 98.55%, 98.79%","15, 8, 13, 15, 30, 23, 33, 17",Ran on FASTA - No Coverage Report,USA,2025
63,SRR33830397,WGS,147.68,135570333,PRJNA1102327,SAMN48895471,Viral,52682906,USDA-NVSL,2025,public,"run.zq,fastq,run","s3,gs","s3.us-east-1,gs.us-east1",SRX29051357,USA,,USA,CATTLE,NextSeq 2000,25-015713-005,25-015713-005-original,PAIRED,RANDOM,VIRAL RNA,Influenza A virus,ILLUMINA,2025-06-06,2025-06-04 14:24:47,1,25-015713-005,SRP503016,,"MILK, BULK TANK",SRS25266513,False,,USA,SRR33830397,2025-06-06_07-56-20,SRR33830397.fa,B3.13,"PB2:am2.2, HA:ea1, PB1:am4, NA:ea1, NP:am8, PA:ea1, NS:am1.1, MP:ea1","am2.2:22-010445-001:PB2, ea1:22-003707-003:HA, am4:23-001855-001:PB1, ea1:22-003707-003:NA, am8:23-032005-001:NP, ea1:22-003707-003:PA, am1.1:22-010085-001:NS, ea1:22-003707-003:MP","98.55%, 98.42%, 99.38%, 98.65%, 98.93%, 98.79%, 99.05%, 98.78%","33, 27, 14, 19, 16, 26, 8, 12",Ran on FASTA - No Coverage Report,USA,2025
64,SRR33830398,WGS,148.31,112049543,PRJNA1102327,SAMN48895470,Viral,44113907,USDA-NVSL,2025,public,"run.zq,fastq,run","s3,gs","s3.us-east-1,gs.us-east1",SRX29051356,USA,,USA,CATTLE,NextSeq 2000,25-015713-004,25-015713-004-original,PAIRED,RANDOM,VIRAL RNA,Influenza A virus,ILLUMINA,2025-06-06,2025-06-04 14:24:56,1,25-015713-004,SRP503016,,"MILK, BULK TANK",SRS25266512,False,,USA,SRR33830398,2025-06-06_07-56-21,SRR33830398.fa,B3.13,"PB1:am4, NP:am8, NA:ea1, MP:ea1, PB2:am2.2, NS:am1.1, PA:ea1, HA:ea1","am4:23-001855-001:PB1, am8:23-032005-001:NP, ea1:22-003707-003:NA, ea1:22-003707-003:MP, am2.2:22-010445-001:PB2, am1.1:22-010085-001:NS, ea1:22-003707-003:PA, ea1:22-003707-003:HA","99.38%, 98.93%, 98.65%, 98.78%, 98.55%, 99.05%, 98.79%, 98.36%","14, 16, 19, 12, 33, 8, 26, 28",Ran on FASTA - No Coverage Report,USA,2025
65,SRR33830399,WGS,148.48,131052490,PRJNA1102327,SAMN48895469,Viral,51227567,USDA-NVSL,2025,public,"run.zq,fastq,run","s3,gs","s3.us-east-1,gs.us-east1",SRX29051355,USA,,USA,CATTLE,NextSeq 2000,25-015704-001,25-015704-001-original,PAIRED,RANDOM,VIRAL RNA,Influenza A virus,ILLUMINA,2025-06-06,2025-06-04 14:24:45,1,25-015704-001,SRP503016,,milk,SRS25266511,False,,USA,SRR33830399,2025-06-06_07-56-21,SRR33830399.fa,B3.13,"PB1:am4, NA:ea1, HA:ea1, NS:am1.1, PB2:am2.2, NP:am8, PA:ea1, MP:ea1","am4:23-001855-001:PB1, ea1:22-003707-003:NA, ea1:22-003707-003:HA, am1.1:22-010085-001:NS, am2.2:22-010445-001:PB2, am8:23-032005-001:NP, ea1:22-003707-003:PA, ea1:22-003707-003:MP","99.21%, 98.51%, 98.06%, 98.69%, 98.33%, 98.93%, 98.88%, 98.88%","18, 21, 33, 11, 38, 16, 24, 11",Ran on FASTA - No Coverage Report,USA,2025
66,SRR33830400,WGS,147.73,105881425,PRJNA1102327,SAMN48895468,Viral,41912478,USDA-NVSL,2025,public,"run.zq,fastq,run","s3,gs","s3.us-east-1,gs.us-east1",SRX29051354,USA,,USA,CATTLE,NextSeq 2000,25-015696-002,25-015696-002-original,PAIRED,RANDOM,VIRAL RNA,Influenza A virus,ILLUMINA,2025-06-06,2025-06-04 14:24:43,1,25-015696-002,SRP503016,,milk,SRS25266510,False,,USA,SRR33830400,2025-06-06_07-56-20,SRR33830400.fa,B3.13,"MP:ea1, NS:am1.1, PB2:am2.2, PA:ea1, HA:ea1, NP:am8, NA:ea1, PB1:am4","ea1:22-003707-003:MP, am1.1:22-010085-001:NS, am2.2:22-010445-001:PB2, ea1:22-003707-003:PA, ea1:22-003707-003:HA, am8:23-032005-001:NP, ea1:22-003707-003:NA, am4:23-001855-001:PB1","98.88%, 98.93%, 98.73%, 98.75%, 98.23%, 98.86%, 98.65%, 98.90%","11, 9, 29, 27, 30, 17, 19, 15",Ran on FASTA - No Coverage Report,USA,2025
67,SRR33830401,WGS,148.54,131092024,PRJNA1102327,SAMN48895467,Viral,51879427,USDA-NVSL,2025,public,"run.zq,fastq,run","s3,gs","s3.us-east-1,gs.us-east1",SRX29051353,USA,,USA,CATTLE,NextSeq 2000,25-015696-001,25-015696-001-original,PAIRED,RANDOM,VIRAL RNA,Influenza A virus,ILLUMINA,2025-06-06,2025-06-04 14:24:46,1,25-015696-001,SRP503016,,milk,SRS25266509,False,,USA,SRR33830401,2025-06-06_07-56-20,SRR33830401.fa,B3.13,"NA:ea1, PB2:am2.2, MP:ea1, HA:ea1, NP:am8, NS:am1.1, PA:ea1, PB1:am4","ea1:22-003707-003:NA, am2.2:22-010445-001:PB2, ea1:22-003707-003:MP, ea1:22-003707-003:HA, am8:23-032005-001:NP, am1.1:22-010085-001:NS, ea1:22-003707-003:PA, am4:23-001855-001:PB1","98.65%, 98.68%, 98.88%, 98.24%, 98.93%, 98.93%, 98.70%, 99.38%","19, 30, 11, 30, 16, 9, 28, 14",Ran on FASTA - No Coverage Report,USA,2025
68,SRR33830402,WGS,148.35,115897576,PRJNA1102327,SAMN48895466,Viral,45777395,USDA-NVSL,2025,public,"run.zq,fastq,run","s3,gs","s3.us-east-1,gs.us-east1",SRX29051352,USA,,USA,CATTLE,NextSeq 2000,25-015689-004,25-015689-004-original,PAIRED,RANDOM,VIRAL RNA,Influenza A virus,ILLUMINA,2025-06-06,2025-06-04 14:24:41,1,25-015689-004,SRP503016,,"MILK, BULK TANK",SRS25266508,False,,USA,SRR33830402,2025-06-06_07-56-20,SRR33830402.fa,B3.13,"HA:ea1, NS:am1.1, MP:ea1, PA:ea1, NP:am8, PB1:am4, NA:ea1, PB2:am2.2","ea1:22-003707-003:HA, am1.1:22-010085-001:NS, ea1:22-003707-003:MP, ea1:22-003707-003:PA, am8:23-032005-001:NP, am4:23-001855-001:PB1, ea1:22-003707-003:NA, am2.2:22-010445-001:PB2","98.18%, 98.81%, 98.98%, 98.84%, 98.86%, 99.47%, 98.58%, 98.51%","31, 10, 10, 25, 17, 12, 20, 34",Ran on FASTA - No Coverage Report,USA,2025
69,SRR33830403,WGS,148.29,112596796,PRJNA1102327,SAMN48895465,Viral,43940188,USDA-NVSL,2025,public,"run.zq,fastq,run","s3,gs","s3.us-east-1,gs.us-east1",SRX29051351,USA,,USA,CATTLE,NextSeq 2000,25-015689-003,25-015689-003-original,PAIRED,RANDOM,VIRAL RNA,Influenza A virus,ILLUMINA,2025-06-06,2025-06-04 14:24:45,1,25-015689-003,SRP503016,,"MILK, BULK TANK",SRS25266507,False,,USA,SRR33830403,2025-06-06_07-56-20,SRR33830403.fa,B3.13,"MP:ea1, NS:am1.1, PB1:am4, NP:am8, PB2:am2.2, HA:ea1, PA:ea1, NA:ea1","ea1:22-003707-003:MP, am1.1:22-010085-001:NS, am4:23-001855-001:PB1, am8:23-032005-001:NP, am2.2:22-010445-001:PB2, ea1:22-003707-003:HA, ea1:22-003707-003:PA, ea1:22-003707-003:NA","98.88%, 98.81%, 99.56%, 98.73%, 98.42%, 98.30%, 98.79%, 98.58%","11, 10, 10, 19, 36, 29, 26, 20",Ran on FASTA - No Coverage Report,USA,2025
70,SRR33830404,WGS,148.01,114106379,PRJNA1102327,SAMN48895464,Viral,44602903,USDA-NVSL,2025,public,"run.zq,fastq,run","s3,gs","s3.us-east-1,gs.us-east1",SRX29051350,USA,,USA,CATTLE,NextSeq 2000,25-015689-002,25-015689-002-original,PAIRED,RANDOM,VIRAL RNA,Influenza A virus,ILLUMINA,2025-06-06,2025-06-04 14:24:44,1,25-015689-002,SRP503016,,"MILK, BULK TANK",SRS25266506,False,,USA,SRR33830404,2025-06-06_07-56-21,SRR33830404.fa,B3.13,"HA:ea1, PB2:am2.2, NA:ea1, NS:am1.1, PB1:am4, NP:am8, PA:ea1, MP:ea1","ea1:22-003707-003:HA, am2.2:22-010445-001:PB2, ea1:22-003707-003:NA, am1.1:22-010085-001:NS, am4:23-001855-001:PB1, am8:23-032005-001:NP, ea1:22-003707-003:PA, ea1:22-003707-003:MP","98.24%, 98.51%, 98.72%, 98.93%, 99.56%, 98.80%, 98.79%, 98.88%","30, 34, 18, 9, 10, 18, 26, 11",Ran on FASTA - No Coverage Report,USA,2025
71,SRR33830405,WGS,137.51,152013595,PRJNA1102327,SAMN48895419,Viral,58832217,USDA-NVSL,2024,public,"run.zq,fastq,run","s3,gs","s3.us-east-1,gs.us-east1",SRX29051349,USA,,USA,CATTLE,NextSeq 2000,24-036764-003-tile,24-036764-003-tile,PAIRED,RANDOM,VIRAL RNA,Influenza A virus,ILLUMINA,2025-06-06,2025-06-04 14:24:44,1,24-036764-003-tile,SRP503016,,"MILK, BULK TANK",SRS25266505,False,,USA,SRR33830405,2025-06-06_07-56-21,SRR33830405.fa,B3.13,"HA:ea1, NP:am8, PB2:am2.2, PB1:am4, MP:ea1, NS:am1.1, PA:ea1, NA:ea1","ea1:22-003707-003:HA, am8:23-032005-001:NP, am2.2:22-010445-001:PB2, am4:23-001855-001:PB1, ea1:22-003707-003:MP, am1.1:22-010085-001:NS, ea1:22-003707-003:PA, ea1:22-003707-003:NA","98.82%, 99.00%, 98.64%, 99.38%, 98.98%, 98.93%, 98.93%, 98.86%","12, 15, 31, 14, 10, 9, 23, 16",Ran on FASTA - No Coverage Report,USA,2024
72,SRR33830406,WGS,148.17,108954549,PRJNA1102327,SAMN48895463,Viral,42965072,USDA-NVSL,2025,public,"run.zq,fastq,run","s3,gs","s3.us-east-1,gs.us-east1",SRX29051348,USA,,USA,CATTLE,NextSeq 2000,25-015689-001,25-015689-001-original,PAIRED,RANDOM,VIRAL RNA,Influenza A virus,ILLUMINA,2025-06-06,2025-06-04 14:24:45,1,25-015689-001,SRP503016,,"MILK, BULK TANK",SRS25266504,False,,USA,SRR33830406,2025-06-06_07-56-21,SRR33830406.fa,B3.13,"MP:ea1, PB2:am2.2, PB1:am4, NA:ea1, NP:am8, NS:am1.1, PA:ea1, HA:ea1","ea1:22-003707-003:MP, am2.2:22-010445-001:PB2, am4:23-001855-001:PB1, ea1:22-003707-003:NA, am8:23-032005-001:NP, am1.1:22-010085-001:NS, ea1:22-003707-003:PA, ea1:22-003707-003:HA","98.88%, 98.51%, 99.56%, 98.65%, 98.73%, 98.81%, 98.79%, 98.24%","11, 34, 10, 19, 19, 10, 26, 30",Ran on FASTA - No Coverage Report,USA,2025
73,SRR33830407,WGS,147.56,90936421,PRJNA1102327,SAMN48895462,Viral,35591443,USDA-NVSL,2025,public,"run.zq,fastq,run","s3,gs","s3.us-east-1,gs.us-east1",SRX29051347,USA,,USA,CATTLE,NextSeq 2000,25-015688-002,25-015688-002-original,PAIRED,RANDOM,VIRAL RNA,Influenza A virus,ILLUMINA,2025-06-06,2025-06-04 14:24:43,1,25-015688-002,SRP503016,,"MILK, BULK TANK",SRS25266503,False,,USA,SRR33830407,2025-06-06_07-56-20,SRR33830407.fa,B3.13,"PA:ea1, NS:am1.1, NA:ea1, PB2:am2.2, MP:ea1, NP:am8, PB1:am4, HA:ea1","ea1:22-003707-003:PA, am1.1:22-010085-001:NS, ea1:22-003707-003:NA, am2.2:22-010445-001:PB2, ea1:22-003707-003:MP, am8:23-032005-001:NP, am4:23-001855-001:PB1, ea1:22-003707-003:HA","98.88%, 98.93%, 98.65%, 98.36%, 98.98%, 98.80%, 99.47%, 98.24%","24, 9, 19, 37, 10, 18, 12, 30",Ran on FASTA - No Coverage Report,USA,2025
74,SRR33830408,WGS,148.65,93605029,PRJNA1102327,SAMN48895461,Viral,37085020,USDA-NVSL,2025,public,"run.zq,fastq,run","s3,gs","s3.us-east-1,gs.us-east1",SRX29051346,USA,,USA,CATTLE,NextSeq 2000,25-015686-009,25-015686-009-original,PAIRED,RANDOM,VIRAL RNA,Influenza A virus,ILLUMINA,2025-06-06,2025-06-04 14:24:42,1,25-015686-009,SRP503016,,"MILK, BULK TANK",SRS25266502,False,,USA,SRR33830408,2025-06-06_07-56-21,SRR33830408.fa,B3.13,"NA:ea1, PA:ea1, NP:am8, NS:am1.1, PB1:am4, PB2:am2.2, HA:ea1, MP:ea1","ea1:22-003707-003:NA, ea1:22-003707-003:PA, am8:23-032005-001:NP, am1.1:22-010085-001:NS, am4:23-001855-001:PB1, am2.2:22-010445-001:PB2, ea1:22-003707-003:HA, ea1:22-003707-003:MP","98.58%, 98.79%, 98.66%, 98.93%, 99.52%, 98.51%, 98.12%, 98.98%","20, 26, 20, 9, 11, 34, 32, 10",Ran on FASTA - No Coverage Report,USA,2025
75,SRR33830409,WGS,148.18,103140926,PRJNA1102327,SAMN48895460,Viral,40807898,USDA-NVSL,2025,public,"run.zq,fastq,run","s3,gs","s3.us-east-1,gs.us-east1",SRX29051345,USA,,USA,CATTLE,NextSeq 2000,25-015686-008,25-015686-008-original,PAIRED,RANDOM,VIRAL RNA,Influenza A virus,ILLUMINA,2025-06-06,2025-06-04 14:24:55,1,25-015686-008,SRP503016,,"MILK, BULK TANK",SRS25266501,False,,USA,SRR33830409,2025-06-06_07-56-20,SRR33830409.fa,B3.13,"NS:am1.1, PB2:am2.2, PB1:am4, NP:am8, NA:ea1, MP:ea1, HA:ea1, PA:ea1","am1.1:22-010085-001:NS, am2.2:22-010445-001:PB2, am4:23-001855-001:PB1, am8:23-032005-001:NP, ea1:22-003707-003:NA, ea1:22-003707-003:MP, ea1:22-003707-003:HA, ea1:22-003707-003:PA","98.93%, 98.55%, 99.56%, 98.86%, 98.65%, 98.98%, 98.00%, 98.51%","9, 33, 10, 17, 19, 10, 34, 32",Ran on FASTA - No Coverage Report,USA,2025
76,SRR33830410,WGS,148.62,133972186,PRJNA1102327,SAMN48895459,Viral,52635569,USDA-NVSL,2025,public,"run.zq,fastq,run","s3,gs","s3.us-east-1,gs.us-east1",SRX29051344,USA,,USA,CATTLE,NextSeq 2000,25-015686-007,25-015686-007-original,PAIRED,RANDOM,VIRAL RNA,Influenza A virus,ILLUMINA,2025-06-06,2025-06-04 14:24:55,1,25-015686-007,SRP503016,,"MILK, BULK TANK",SRS25266500,False,,USA,SRR33830410,2025-06-06_07-56-20,SRR33830410.fa,B3.13,"MP:ea1, PB2:am2.2, HA:ea1, NP:am8, PB1:am4, PA:ea1, NA:ea1, NS:am1.1","ea1:22-003707-003:MP, am2.2:22-010445-001:PB2, ea1:22-003707-003:HA, am8:23-032005-001:NP, am4:23-001855-001:PB1, ea1:22-003707-003:PA, ea1:22-003707-003:NA, am1.1:22-010085-001:NS","98.98%, 98.51%, 98.18%, 98.93%, 99.56%, 98.84%, 98.65%, 98.93%","10, 34, 31, 16, 10, 25, 19, 9",Ran on FASTA - No Coverage Report,USA,2025
77,SRR33830411,WGS,148.66,113121997,PRJNA1102327,SAMN48895458,Viral,45366799,USDA-NVSL,2025,public,"run.zq,fastq,run","s3,gs","s3.us-east-1,gs.us-east1",SRX29051343,USA,,USA,CATTLE,NextSeq 2000,25-015686-006,25-015686-006-original,PAIRED,RANDOM,VIRAL RNA,Influenza A virus,ILLUMINA,2025-06-06,2025-06-04 14:24:48,1,25-015686-006,SRP503016,,"MILK, BULK TANK",SRS25266499,False,,USA,SRR33830411,2025-06-06_07-56-20,SRR33830411.fa,B3.13,"PB1:am4, MP:ea1, NA:ea1, HA:ea1, PA:ea1, PB2:am2.2, NS:am1.1, NP:am8","am4:23-001855-001:PB1, ea1:22-003707-003:MP, ea1:22-003707-003:NA, ea1:22-003707-003:HA, ea1:22-003707-003:PA, am2.2:22-010445-001:PB2, am1.1:22-010085-001:NS, am8:23-032005-001:NP","99.52%, 98.88%, 98.58%, 98.18%, 98.75%, 98.55%, 98.93%, 98.93%","11, 11, 20, 31, 27, 33, 9, 16",Ran on FASTA - No Coverage Report,USA,2025
78,SRR33830412,WGS,148.21,106835339,PRJNA1102327,SAMN48895457,Viral,42156291,USDA-NVSL,2025,public,"run.zq,fastq,run","s3,gs","s3.us-east-1,gs.us-east1",SRX29051342,USA,,USA,CATTLE,NextSeq 2000,25-015686-005,25-015686-005-original,PAIRED,RANDOM,VIRAL RNA,Influenza A virus,ILLUMINA,2025-06-06,2025-06-04 14:24:53,1,25-015686-005,SRP503016,,"MILK, BULK TANK",SRS25266498,False,,USA,SRR33830412,2025-06-06_07-56-21,SRR33830412.fa,B3.13,"HA:ea1, PA:ea1, NA:ea1, NS:am1.1, MP:ea1, PB2:am2.2, NP:am8, PB1:am4","ea1:22-003707-003:HA, ea1:22-003707-003:PA, ea1:22-003707-003:NA, am1.1:22-010085-001:NS, ea1:22-003707-003:MP, am2.2:22-010445-001:PB2, am8:23-032005-001:NP, am4:23-001855-001:PB1","98.18%, 98.84%, 98.58%, 98.81%, 98.98%, 98.55%, 98.93%, 99.56%","31, 25, 20, 10, 10, 33, 16, 10",Ran on FASTA - No Coverage Report,USA,2025
79,SRR33830413,WGS,148.64,130922612,PRJNA1102327,SAMN48895456,Viral,51617582,USDA-NVSL,2025,public,"run.zq,fastq,run","s3,gs","s3.us-east-1,gs.us-east1",SRX29051341,USA,,USA,CATTLE,NextSeq 2000,25-015686-004,25-015686-004-original,PAIRED,RANDOM,VIRAL RNA,Influenza A virus,ILLUMINA,2025-06-06,2025-06-04 14:24:43,1,25-015686-004,SRP503016,,"MILK, BULK TANK",SRS25266497,False,,USA,SRR33830413,2025-06-06_07-56-21,SRR33830413.fa,B3.13,"HA:ea1, NP:am8, PB1:am4, PB2:am2.2, NA:ea1, MP:ea1, PA:ea1, NS:am1.1","ea1:22-003707-003:HA, am8:23-032005-001:NP, am4:23-001855-001:PB1, am2.2:22-010445-001:PB2, ea1:22-003707-003:NA, ea1:22-003707-003:MP, ea1:22-003707-003:PA, am1.1:22-010085-001:NS","98.12%, 98.86%, 99.56%, 98.51%, 98.65%, 98.98%, 98.14%, 98.93%","32, 17, 10, 34, 19, 10, 40, 9",Ran on FASTA - No Coverage Report,USA,2025
80,SRR33830414,WGS,148.63,88623218,PRJNA1102327,SAMN48895455,Viral,35106685,USDA-NVSL,2025,public,"run.zq,fastq,run","s3,gs","s3.us-east-1,gs.us-east1",SRX29051340,USA,,USA,CATTLE,NextSeq 2000,25-015686-003,25-015686-003-original,PAIRED,RANDOM,VIRAL RNA,Influenza A virus,ILLUMINA,2025-06-06,2025-06-04 14:24:43,1,25-015686-003,SRP503016,,"MILK, BULK TANK",SRS25266496,False,,USA,SRR33830414,2025-06-06_07-56-20,SRR33830414.fa,B3.13,"MP:ea1, PB2:am2.2, NS:am1.1, HA:ea1, NP:am8, PA:ea1, PB1:am4, NA:ea1","ea1:22-003707-003:MP, am2.2:22-010445-001:PB2, am1.1:22-010085-001:NS, ea1:22-003707-003:HA, am8:23-032005-001:NP, ea1:22-003707-003:PA, am4:23-001855-001:PB1, ea1:22-003707-003:NA","98.98%, 98.51%, 98.93%, 98.12%, 98.66%, 98.79%, 99.52%, 98.58%","10, 34, 9, 32, 20, 26, 11, 20",Ran on FASTA - No Coverage Report,USA,2025
81,SRR33830415,WGS,147.76,135518844,PRJNA1102327,SAMN48895454,Viral,53108371,USDA-NVSL,2025,public,"run.zq,fastq,run","s3,gs","s3.us-east-1,gs.us-east1",SRX29051339,USA,,USA,CATTLE,NextSeq 2000,25-015686-002,25-015686-002-original,PAIRED,RANDOM,VIRAL RNA,Influenza A virus,ILLUMINA,2025-06-06,2025-06-04 14:24:44,1,25-015686-002,SRP503016,,"MILK, BULK TANK",SRS25266495,False,,USA,SRR33830415,2025-06-06_07-56-20,SRR33830415.fa,B3.13,"NP:am8, PB2:am2.2, PA:ea1, MP:ea1, PB1:am4, NA:ea1, HA:ea1, NS:am1.1","am8:23-032005-001:NP, am2.2:22-010445-001:PB2, ea1:22-003707-003:PA, ea1:22-003707-003:MP, am4:23-001855-001:PB1, ea1:22-003707-003:NA, ea1:22-003707-003:HA, am1.1:22-010085-001:NS","98.93%, 98.51%, 98.84%, 98.98%, 99.56%, 98.65%, 98.18%, 98.93%","16, 34, 25, 10, 10, 19, 31, 9",Ran on FASTA - No Coverage Report,USA,2025
82,SRR33830416,WGS,137.68,171309960,PRJNA1102327,SAMN48895418,Viral,66685727,USDA-NVSL,2024,public,"run.zq,fastq,run","s3,gs","s3.us-east-1,gs.us-east1",SRX29051338,USA,,USA,CATTLE,NextSeq 2000,24-036764-002-tile,24-036764-002-tile,PAIRED,RANDOM,VIRAL RNA,Influenza A virus,ILLUMINA,2025-06-06,2025-06-04 14:24:57,1,24-036764-002-tile,SRP503016,,"MILK, BULK TANK",SRS25266494,False,,USA,SRR33830416,2025-06-06_07-56-20,SRR33830416.fa,B3.13,"HA:ea1, PA:ea1, NP:am8, NA:ea1, NS:am1.1, PB2:am2.2, MP:ea1, PB1:am4","ea1:22-003707-003:HA, ea1:22-003707-003:PA, am8:23-032005-001:NP, ea1:22-003707-003:NA, am1.1:22-010085-001:NS, am2.2:22-010445-001:PB2, ea1:22-003707-003:MP, am4:23-001855-001:PB1","98.42%, 98.84%, 98.86%, 98.86%, 99.17%, 98.64%, 98.87%, 99.51%","27, 25, 17, 16, 7, 31, 11, 11",Ran on FASTA - No Coverage Report,USA,2024
83,SRR33830417,WGS,148.62,118346622,PRJNA1102327,SAMN48895453,Viral,46617510,USDA-NVSL,2025,public,"run.zq,fastq,run","s3,gs","s3.us-east-1,gs.us-east1",SRX29051337,USA,,USA,CATTLE,NextSeq 2000,25-015686-001,25-015686-001-original,PAIRED,RANDOM,VIRAL RNA,Influenza A virus,ILLUMINA,2025-06-06,2025-06-04 14:24:53,1,25-015686-001,SRP503016,,"MILK, BULK TANK",SRS25266493,False,,USA,SRR33830417,2025-06-06_07-56-21,SRR33830417.fa,B3.13,"PB2:am2.2, PA:ea1, MP:ea1, PB1:am4, NP:am8, NS:am1.1, HA:ea1, NA:ea1","am2.2:22-010445-001:PB2, ea1:22-003707-003:PA, ea1:22-003707-003:MP, am4:23-001855-001:PB1, am8:23-032005-001:NP, am1.1:22-010085-001:NS, ea1:22-003707-003:HA, ea1:22-003707-003:NA","98.55%, 98.88%, 98.88%, 99.52%, 98.93%, 98.93%, 98.18%, 98.65%","33, 24, 11, 11, 16, 9, 31, 19",Ran on FASTA - No Coverage Report,USA,2025
84,SRR33830418,WGS,147.99,94235298,PRJNA1102327,SAMN48895452,Viral,37097985,USDA-NVSL,2025,public,"run.zq,fastq,run","s3,gs","s3.us-east-1,gs.us-east1",SRX29051336,USA,,USA,CATTLE,NextSeq 2000,25-015684-008,25-015684-008-original,PAIRED,RANDOM,VIRAL RNA,Influenza A virus,ILLUMINA,2025-06-06,2025-06-04 14:24:41,1,25-015684-008,SRP503016,,"MILK, BULK TANK",SRS25266492,False,,USA,SRR33830418,2025-06-06_07-56-20,SRR33830418.fa,B3.13,"PB2:am2.2, PA:ea1, PB1:am4, HA:ea1, NS:am1.1, NP:am8, NA:ea1, MP:ea1","am2.2:22-010445-001:PB2, ea1:22-003707-003:PA, am4:23-001855-001:PB1, ea1:22-003707-003:HA, am1.1:22-010085-001:NS, am8:23-032005-001:NP, ea1:22-003707-003:NA, ea1:22-003707-003:MP","98.55%, 98.84%, 99.56%, 98.24%, 98.69%, 98.93%, 98.65%, 98.98%","33, 25, 10, 30, 11, 16, 19, 10",Ran on FASTA - No Coverage Report,USA,2025
85,SRR33830419,WGS,147.48,114887314,PRJNA1102327,SAMN48895451,Viral,45227743,USDA-NVSL,2025,public,"run.zq,fastq,run","s3,gs","s3.us-east-1,gs.us-east1",SRX29051335,USA,,USA,CATTLE,NextSeq 2000,25-015684-007,25-015684-007-original,PAIRED,RANDOM,VIRAL RNA,Influenza A virus,ILLUMINA,2025-06-06,2025-06-04 14:24:57,1,25-015684-007,SRP503016,,"MILK, BULK TANK",SRS25266491,False,,USA,SRR33830419,2025-06-06_07-56-21,SRR33830419.fa,B3.13,"PB2:am2.2, NP:am8, HA:ea1, NS:am1.1, PB1:am4, NA:ea1, PA:ea1, MP:ea1","am2.2:22-010445-001:PB2, am8:23-032005-001:NP, ea1:22-003707-003:HA, am1.1:22-010085-001:NS, am4:23-001855-001:PB1, ea1:22-003707-003:NA, ea1:22-003707-003:PA, ea1:22-003707-003:MP","98.51%, 98.73%, 98.12%, 98.93%, 99.52%, 98.44%, 98.61%, 98.98%","34, 19, 32, 9, 11, 22, 30, 10",Ran on FASTA - No Coverage Report,USA,2025
86,SRR33830420,WGS,148.6,88279821,PRJNA1102327,SAMN48895450,Viral,35055745,USDA-NVSL,2025,public,"run.zq,fastq,run","s3,gs","s3.us-east-1,gs.us-east1",SRX29051334,USA,,USA,CATTLE,NextSeq 2000,25-015684-006,25-015684-006-original,PAIRED,RANDOM,VIRAL RNA,Influenza A virus,ILLUMINA,2025-06-06,2025-06-04 14:24:52,1,25-015684-006,SRP503016,,"MILK, BULK TANK",SRS25266490,False,,USA,SRR33830420,2025-06-06_07-56-21,SRR33830420.fa,B3.13,"HA:ea1, MP:ea1, PB2:am2.2, PB1:am4, NS:am1.1, NA:ea1, NP:am8, PA:ea1","ea1:22-003707-003:HA, ea1:22-003707-003:MP, am2.2:22-010445-001:PB2, am4:23-001855-001:PB1, am1.1:22-010085-001:NS, ea1:22-003707-003:NA, am8:23-032005-001:NP, ea1:22-003707-003:PA","98.24%, 98.98%, 98.55%, 99.52%, 98.93%, 98.65%, 98.93%, 98.84%","30, 10, 33, 11, 9, 19, 16, 25",Ran on FASTA - No Coverage Report,USA,2025
87,SRR33830421,WGS,148.18,102139597,PRJNA1102327,SAMN48895449,Viral,40271868,USDA-NVSL,2025,public,"run.zq,fastq,run","s3,gs","s3.us-east-1,gs.us-east1",SRX29051333,USA,,USA,CATTLE,NextSeq 2000,25-015684-005,25-015684-005-original,PAIRED,RANDOM,VIRAL RNA,Influenza A virus,ILLUMINA,2025-06-06,2025-06-04 14:24:53,1,25-015684-005,SRP503016,,"MILK, BULK TANK",SRS25266489,False,,USA,SRR33830421,2025-06-06_07-56-21,SRR33830421.fa,B3.13,"NA:ea1, NS:am1.1, MP:ea1, PB2:am2.2, NP:am8, HA:ea1, PB1:am4, PA:ea1","ea1:22-003707-003:NA, am1.1:22-010085-001:NS, ea1:22-003707-003:MP, am2.2:22-010445-001:PB2, am8:23-032005-001:NP, ea1:22-003707-003:HA, am4:23-001855-001:PB1, ea1:22-003707-003:PA","98.65%, 98.93%, 98.98%, 98.55%, 98.93%, 98.24%, 99.52%, 98.79%","19, 9, 10, 33, 16, 30, 11, 26",Ran on FASTA - No Coverage Report,USA,2025
88,SRR33830422,WGS,148.14,92411986,PRJNA1102327,SAMN48895448,Viral,36365494,USDA-NVSL,2025,public,"run.zq,fastq,run","s3,gs","s3.us-east-1,gs.us-east1",SRX29051332,USA,,USA,CATTLE,NextSeq 2000,25-015684-004,25-015684-004-original,PAIRED,RANDOM,VIRAL RNA,Influenza A virus,ILLUMINA,2025-06-06,2025-06-04 14:24:54,1,25-015684-004,SRP503016,,"MILK, BULK TANK",SRS25266488,False,,USA,SRR33830422,2025-06-06_07-56-21,SRR33830422.fa,B3.13,"NA:ea1, PA:ea1, PB1:am4, PB2:am2.2, MP:ea1, HA:ea1, NP:am8, NS:am1.1","ea1:22-003707-003:NA, ea1:22-003707-003:PA, am4:23-001855-001:PB1, am2.2:22-010445-001:PB2, ea1:22-003707-003:MP, ea1:22-003707-003:HA, am8:23-032005-001:NP, am1.1:22-010085-001:NS","98.44%, 98.79%, 99.47%, 98.55%, 98.98%, 98.18%, 98.86%, 98.93%","22, 26, 12, 33, 10, 31, 17, 9",Ran on FASTA - No Coverage Report,USA,2025
89,SRR33830423,WGS,148.79,114076224,PRJNA1102327,SAMN48895447,Viral,44920999,USDA-NVSL,2025,public,"run.zq,fastq,run","s3,gs","s3.us-east-1,gs.us-east1",SRX29051331,USA,,USA,CATTLE,NextSeq 2000,25-015684-003,25-015684-003-original,PAIRED,RANDOM,VIRAL RNA,Influenza A virus,ILLUMINA,2025-06-06,2025-06-04 14:24:43,1,25-015684-003,SRP503016,,"MILK, BULK TANK",SRS25266487,False,,USA,SRR33830423,2025-06-06_07-56-20,SRR33830423.fa,B3.13,"NP:am8, PB2:am2.2, HA:ea1, PB1:am4, NA:ea1, NS:am1.1, MP:ea1, PA:ea1","am8:23-032005-001:NP, am2.2:22-010445-001:PB2, ea1:22-003707-003:HA, am4:23-001855-001:PB1, ea1:22-003707-003:NA, am1.1:22-010085-001:NS, ea1:22-003707-003:MP, ea1:22-003707-003:PA","98.73%, 98.42%, 98.12%, 99.34%, 98.58%, 98.81%, 98.98%, 98.70%","19, 36, 32, 15, 20, 10, 10, 28",Ran on FASTA - No Coverage Report,USA,2025
90,SRR33830424,WGS,148.67,89398863,PRJNA1102327,SAMN48895446,Viral,35788877,USDA-NVSL,2025,public,"run.zq,fastq,run","s3,gs","s3.us-east-1,gs.us-east1",SRX29051330,USA,,USA,CATTLE,NextSeq 2000,25-015684-002,25-015684-002-original,PAIRED,RANDOM,VIRAL RNA,Influenza A virus,ILLUMINA,2025-06-06,2025-06-04 14:24:54,1,25-015684-002,SRP503016,,"MILK, BULK TANK",SRS25266486,False,,USA,SRR33830424,2025-06-06_07-56-20,SRR33830424.fa,B3.13,"MP:ea1, HA:ea1, PA:ea1, NS:am1.1, PB1:am4, PB2:am2.2, NP:am8, NA:ea1","ea1:22-003707-003:MP, ea1:22-003707-003:HA, ea1:22-003707-003:PA, am1.1:22-010085-001:NS, am4:23-001855-001:PB1, am2.2:22-010445-001:PB2, am8:23-032005-001:NP, ea1:22-003707-003:NA","98.98%, 98.24%, 98.79%, 98.93%, 99.38%, 98.47%, 98.93%, 98.65%","10, 30, 26, 9, 14, 35, 16, 19",Ran on FASTA - No Coverage Report,USA,2025
91,SRR33830425,WGS,148.4,86639417,PRJNA1102327,SAMN48895445,Viral,33950099,USDA-NVSL,2025,public,"run.zq,fastq,run","s3,gs","s3.us-east-1,gs.us-east1",SRX29051329,USA,,USA,CATTLE,NextSeq 2000,25-015684-001,25-015684-001-original,PAIRED,RANDOM,VIRAL RNA,Influenza A virus,ILLUMINA,2025-06-06,2025-06-04 14:24:52,1,25-015684-001,SRP503016,,"MILK, BULK TANK",SRS25266485,False,,USA,SRR33830425,2025-06-06_07-56-20,SRR33830425.fa,B3.13,"HA:ea1, NA:ea1, PB1:am4, NP:am8, NS:am1.1, MP:ea1, PA:ea1, PB2:am2.2","ea1:22-003707-003:HA, ea1:22-003707-003:NA, am4:23-001855-001:PB1, am8:23-032005-001:NP, am1.1:22-010085-001:NS, ea1:22-003707-003:MP, ea1:22-003707-003:PA, am2.2:22-010445-001:PB2","98.18%, 98.44%, 99.47%, 98.86%, 98.93%, 98.98%, 98.79%, 98.55%","31, 22, 12, 17, 9, 10, 26, 33",Ran on FASTA - No Coverage Report,USA,2025
92,SRR33830426,WGS,148.14,108115973,PRJNA1102327,SAMN48895444,Viral,42679722,USDA-NVSL,2025,public,"run.zq,fastq,run","s3,gs","s3.us-east-1,gs.us-east1",SRX29051328,USA,,USA,CATTLE,NextSeq 2000,25-015683-001,25-015683-001-original,PAIRED,RANDOM,VIRAL RNA,Influenza A virus,ILLUMINA,2025-06-06,2025-06-04 14:24:47,1,25-015683-001,SRP503016,,"MILK, BULK TANK",SRS25266484,False,,USA,SRR33830426,2025-06-06_07-56-20,SRR33830426.fa,B3.13,"PB2:am2.2, NS:am1.1, PA:ea1, NP:am8, HA:ea1, NA:ea1, MP:ea1, PB1:am4","am2.2:22-010445-001:PB2, am1.1:22-010085-001:NS, ea1:22-003707-003:PA, am8:23-032005-001:NP, ea1:22-003707-003:HA, ea1:22-003707-003:NA, ea1:22-003707-003:MP, am4:23-001855-001:PB1","98.47%, 98.69%, 98.79%, 98.93%, 98.30%, 98.65%, 98.88%, 99.52%","35, 11, 26, 16, 29, 19, 11, 11",Ran on FASTA - No Coverage Report,USA,2025
93,SRR33830427,WGS,137.61,170490133,PRJNA1102327,SAMN48895417,Viral,66073713,USDA-NVSL,2024,public,"run.zq,fastq,run","s3,gs","s3.us-east-1,gs.us-east1",SRX29051327,USA,,USA,CATTLE,NextSeq 2000,24-036419-001-tile,24-036419-001-tile,PAIRED,RANDOM,VIRAL RNA,Influenza A virus,ILLUMINA,2025-06-06,2025-06-04 14:24:47,1,24-036419-001-tile,SRP503016,,"MILK, BULK TANK",SRS25266483,False,,USA,SRR33830427,2025-06-06_07-56-20,SRR33830427.fa,B3.13,"NP:am8, PA:ea1, NS:am1.1, PB2:am2.2, MP:ea1, NA:ea1, HA:ea1, PB1:am4","am8:23-032005-001:NP, ea1:22-003707-003:PA, am1.1:22-010085-001:NS, am2.2:22-010445-001:PB2, ea1:22-003707-003:MP, ea1:22-003707-003:NA, ea1:22-003707-003:HA, am4:23-001855-001:PB1","98.86%, 98.88%, 99.17%, 98.68%, 98.88%, 98.79%, 98.36%, 99.38%","17, 24, 7, 30, 11, 17, 28, 14",Ran on FASTA - No Coverage Report,USA,2024
94,SRR33830428,WGS,148.39,89807879,PRJNA1102327,SAMN48895443,Viral,35332671,USDA-NVSL,2025,public,"run.zq,fastq,run","s3,gs","s3.us-east-1,gs.us-east1",SRX29051326,USA,,USA,CATTLE,NextSeq 2000,25-015682-003,25-015682-003-original,PAIRED,RANDOM,VIRAL RNA,Influenza A virus,ILLUMINA,2025-06-06,2025-06-04 14:24:40,1,25-015682-003,SRP503016,,"MILK, BULK TANK",SRS25266482,False,,USA,SRR33830428,2025-06-06_07-56-21,SRR33830428.fa,B3.13,"MP:ea1, HA:ea1, NA:ea1, PB2:am2.2, PB1:am4, PA:ea1, NP:am8, NS:am1.1","ea1:22-003707-003:MP, ea1:22-003707-003:HA, ea1:22-003707-003:NA, am2.2:22-010445-001:PB2, am4:23-001855-001:PB1, ea1:22-003707-003:PA, am8:23-032005-001:NP, am1.1:22-010085-001:NS","98.98%, 98.18%, 98.58%, 98.60%, 99.52%, 98.79%, 98.93%, 98.93%","10, 31, 20, 32, 11, 26, 16, 9",Ran on FASTA - No Coverage Report,USA,2025
95,SRR33830429,WGS,148.16,82542242,PRJNA1102327,SAMN48895442,Viral,32372187,USDA-NVSL,2025,public,"run.zq,fastq,run","s3,gs","s3.us-east-1,gs.us-east1",SRX29051325,USA,,USA,CATTLE,NextSeq 2000,25-015682-002,25-015682-002-original,PAIRED,RANDOM,VIRAL RNA,Influenza A virus,ILLUMINA,2025-06-06,2025-06-04 14:24:43,1,25-015682-002,SRP503016,,"MILK, BULK TANK",SRS25266481,False,,USA,SRR33830429,2025-06-06_07-56-20,SRR33830429.fa,B3.13,"PB2:am2.2, MP:ea1, NS:am1.1, PA:ea1, PB1:am4, NP:am8, NA:ea1, HA:ea1","am2.2:22-010445-001:PB2, ea1:22-003707-003:MP, am1.1:22-010085-001:NS, ea1:22-003707-003:PA, am4:23-001855-001:PB1, am8:23-032005-001:NP, ea1:22-003707-003:NA, ea1:22-003707-003:HA","98.47%, 98.88%, 98.93%, 98.75%, 99.52%, 98.86%, 98.37%, 98.18%","35, 11, 9, 27, 11, 17, 23, 31",Ran on FASTA - No Coverage Report,USA,2025
96,SRR33830430,WGS,148.73,74511398,PRJNA1102327,SAMN48895441,Viral,29796040,USDA-NVSL,2025,public,"run.zq,fastq,run","s3,gs","s3.us-east-1,gs.us-east1",SRX29051324,USA,,USA,CATTLE,NextSeq 2000,25-015682-001,25-015682-001-original,PAIRED,RANDOM,VIRAL RNA,Influenza A virus,ILLUMINA,2025-06-06,2025-06-04 14:24:45,1,25-015682-001,SRP503016,,"MILK, BULK TANK",SRS25266480,False,,USA,SRR33830430,2025-06-06_07-56-20,SRR33830430.fa,B3.13,"PB2:am2.2, PA:ea1, MP:ea1, NS:am1.1, PB1:am4, NA:ea1, NP:am8, HA:ea1","am2.2:22-010445-001:PB2, ea1:22-003707-003:PA, ea1:22-003707-003:MP, am1.1:22-010085-001:NS, am4:23-001855-001:PB1, ea1:22-003707-003:NA, am8:23-032005-001:NP, ea1:22-003707-003:HA","98.55%, 98.79%, 98.98%, 98.93%, 99.52%, 98.58%, 98.93%, 98.18%","33, 26, 10, 9, 11, 20, 16, 31",Ran on FASTA - No Coverage Report,USA,2025
97,SRR33830431,WGS,148.31,128753723,PRJNA1102327,SAMN48895440,Viral,50738164,USDA-NVSL,2025,public,"run.zq,fastq,run","s3,gs","s3.us-east-1,gs.us-east1",SRX29051323,USA,,USA,CATTLE,NextSeq 2000,25-015681-014,25-015681-014-original,PAIRED,RANDOM,VIRAL RNA,Influenza A virus,ILLUMINA,2025-06-06,2025-06-04 14:24:44,1,25-015681-014,SRP503016,,"MILK, BULK TANK",SRS25266479,False,,USA,SRR33830431,2025-06-06_07-56-21,SRR33830431.fa,B3.13,"NP:am8, PB2:am2.2, MP:ea1, NA:ea1, HA:ea1, NS:am1.1, PA:ea1, PB1:am4","am8:23-032005-001:NP, am2.2:22-010445-001:PB2, ea1:22-003707-003:MP, ea1:22-003707-003:NA, ea1:22-003707-003:HA, am1.1:22-010085-001:NS, ea1:22-003707-003:PA, am4:23-001855-001:PB1","98.93%, 98.51%, 98.88%, 98.65%, 98.24%, 98.93%, 98.79%, 99.56%","16, 34, 11, 19, 30, 9, 26, 10",Ran on FASTA - No Coverage Report,USA,2025
98,SRR33830432,WGS,148.1,115762163,PRJNA1102327,SAMN48895439,Viral,46399524,USDA-NVSL,2025,public,"run.zq,fastq,run","s3,gs","s3.us-east-1,gs.us-east1",SRX29051322,USA,,USA,CATTLE,NextSeq 2000,25-015681-013,25-015681-013-original,PAIRED,RANDOM,VIRAL RNA,Influenza A virus,ILLUMINA,2025-06-06,2025-06-04 14:24:47,1,25-015681-013,SRP503016,,"MILK, BULK TANK",SRS25266478,False,,USA,SRR33830432,2025-06-06_07-56-21,SRR33830432.fa,B3.13,"NP:am8, PA:ea1, MP:ea1, NS:am1.1, HA:ea1, PB1:am4, NA:ea1, PB2:am2.2","am8:23-032005-001:NP, ea1:22-003707-003:PA, ea1:22-003707-003:MP, am1.1:22-010085-001:NS, ea1:22-003707-003:HA, am4:23-001855-001:PB1, ea1:22-003707-003:NA, am2.2:22-010445-001:PB2","98.93%, 98.88%, 98.98%, 98.81%, 98.00%, 99.52%, 98.58%, 98.29%","16, 24, 10, 10, 34, 11, 20, 39",Ran on FASTA - No Coverage Report,USA,2025
99,SRR33830433,WGS,148.44,120423306,PRJNA1102327,SAMN48895438,Viral,47826753,USDA-NVSL,2025,public,"run.zq,fastq,run","s3,gs","s3.us-east-1,gs.us-east1",SRX29051321,USA,,USA,CATTLE,NextSeq 2000,25-015681-012,25-015681-012-original,PAIRED,RANDOM,VIRAL RNA,Influenza A virus,ILLUMINA,2025-06-06,2025-06-04 14:24:57,1,25-015681-012,SRP503016,,"MILK, BULK TANK",SRS25266477,False,,USA,SRR33830433,2025-06-06_07-56-21,SRR33830433.fa,B3.13,"HA:ea1, PB1:am4, PA:ea1, MP:ea1, PB2:am2.2, NP:am8, NA:ea1, NS:am1.1","ea1:22-003707-003:HA, am4:23-001855-001:PB1, ea1:22-003707-003:PA, ea1:22-003707-003:MP, am2.2:22-010445-001:PB2, am8:23-032005-001:NP, ea1:22-003707-003:NA, am1.1:22-010085-001:NS","98.30%, 99.56%, 98.88%, 98.98%, 98.42%, 98.93%, 98.58%, 98.81%","29, 10, 24, 10, 36, 16, 20, 10",Ran on FASTA - No Coverage Report,USA,2025
100,SRR33830434,WGS,148.49,131408288,PRJNA1102327,SAMN48895437,Viral,51619807,USDA-NVSL,2025,public,"run.zq,fastq,run","s3,gs","s3.us-east-1,gs.us-east1",SRX29051320,USA,,USA,CATTLE,NextSeq 2000,25-015681-011,25-015681-011-original,PAIRED,RANDOM,VIRAL RNA,Influenza A virus,ILLUMINA,2025-06-06,2025-06-04 14:24:58,1,25-015681-011,SRP503016,,"MILK, BULK TANK",SRS25266476,False,,USA,SRR33830434,2025-06-06_07-56-21,SRR33830434.fa,B3.13,"PA:ea1, HA:ea1, PB2:am2.2, MP:ea1, NP:am8, NS:am1.1, PB1:am4, NA:ea1","ea1:22-003707-003:PA, ea1:22-003707-003:HA, am2.2:22-010445-001:PB2, ea1:22-003707-003:MP, am8:23-032005-001:NP, am1.1:22-010085-001:NS, am4:23-001855-001:PB1, ea1:22-003707-003:NA","98.88%, 98.00%, 98.33%, 98.98%, 98.93%, 98.93%, 99.52%, 98.65%","24, 34, 38, 10, 16, 9, 11, 19",Ran on FASTA - No Coverage Report,USA,2025
101,SRR33830435,WGS,148.75,131983048,PRJNA1102327,SAMN48895436,Viral,51961648,USDA-NVSL,2025,public,"run.zq,fastq,run","s3,gs","s3.us-east-1,gs.us-east1",SRX29051319,USA,,USA,CATTLE,NextSeq 2000,25-015681-010,25-015681-010-original,PAIRED,RANDOM,VIRAL RNA,Influenza A virus,ILLUMINA,2025-06-06,2025-06-04 14:24:58,1,25-015681-010,SRP503016,,"MILK, BULK TANK",SRS25266475,False,,USA,SRR33830435,2025-06-06_07-56-21,SRR33830435.fa,B3.13,"NA:ea1, NS:am1.1, PB1:am4, HA:ea1, MP:ea1, PA:ea1, NP:am8, PB2:am2.2","ea1:22-003707-003:NA, am1.1:22-010085-001:NS, am4:23-001855-001:PB1, ea1:22-003707-003:HA, ea1:22-003707-003:MP, ea1:22-003707-003:PA, am8:23-032005-001:NP, am2.2:22-010445-001:PB2","98.65%, 98.93%, 99.56%, 98.30%, 98.88%, 98.88%, 98.93%, 98.51%","19, 9, 10, 29, 11, 24, 16, 34",Ran on FASTA - No Coverage Report,USA,2025
102,SRR33830436,WGS,149.05,105300686,PRJNA1102327,SAMN48895435,Viral,41496620,USDA-NVSL,2025,public,"run.zq,fastq,run","s3,gs","s3.us-east-1,gs.us-east1",SRX29051318,USA,,USA,CATTLE,NextSeq 2000,25-015681-009,25-015681-009-original,PAIRED,RANDOM,VIRAL RNA,Influenza A virus,ILLUMINA,2025-06-06,2025-06-04 14:24:46,1,25-015681-009,SRP503016,,"MILK, BULK TANK",SRS25266474,False,,USA,SRR33830436,2025-06-06_07-56-20,SRR33830436.fa,B3.13,"HA:ea1, MP:ea1, NP:am8, NA:ea1, PB2:am2.2, PB1:am4, NS:am1.1, PA:ea1","ea1:22-003707-003:HA, ea1:22-003707-003:MP, am8:23-032005-001:NP, ea1:22-003707-003:NA, am2.2:22-010445-001:PB2, am4:23-001855-001:PB1, am1.1:22-010085-001:NS, ea1:22-003707-003:PA","98.12%, 98.98%, 98.93%, 98.72%, 98.47%, 99.52%, 98.57%, 98.65%","32, 10, 16, 18, 35, 11, 12, 29",Ran on FASTA - No Coverage Report,USA,2025
103,SRR33830437,WGS,148.52,118597893,PRJNA1102327,SAMN48895434,Viral,47190479,USDA-NVSL,2025,public,"run.zq,fastq,run","s3,gs","s3.us-east-1,gs.us-east1",SRX29051317,USA,,USA,CATTLE,NextSeq 2000,25-015681-008,25-015681-008-original,PAIRED,RANDOM,VIRAL RNA,Influenza A virus,ILLUMINA,2025-06-06,2025-06-04 14:24:56,1,25-015681-008,SRP503016,,"MILK, BULK TANK",SRS25266473,False,,USA,SRR33830437,2025-06-06_07-56-20,SRR33830437.fa,B3.13,"NA:ea1, PB1:am4, NP:am8, PB2:am2.2, MP:ea1, PA:ea1, NS:am1.1, HA:ea1","ea1:22-003707-003:NA, am4:23-001855-001:PB1, am8:23-032005-001:NP, am2.2:22-010445-001:PB2, ea1:22-003707-003:MP, ea1:22-003707-003:PA, am1.1:22-010085-001:NS, ea1:22-003707-003:HA","98.65%, 99.52%, 98.93%, 98.47%, 98.88%, 98.75%, 98.81%, 98.18%","19, 11, 16, 35, 11, 27, 10, 31",Ran on FASTA - No Coverage Report,USA,2025
104,SRR33830438,WGS,137.29,139202045,PRJNA1102327,SAMN48895416,Viral,54024193,USDA-NVSL,2024,public,"run.zq,fastq,run","s3,gs","s3.us-east-1,gs.us-east1",SRX29051316,USA,,USA,CATTLE,NextSeq 2000,24-036414-001-tile,24-036414-001-tile,PAIRED,RANDOM,VIRAL RNA,Influenza A virus,ILLUMINA,2025-06-06,2025-06-04 14:24:54,1,24-036414-001-tile,SRP503016,,"MILK, BULK TANK",SRS25266472,False,,USA,SRR33830438,2025-06-06_07-56-20,SRR33830438.fa,B3.13,"PB1:am4, MP:ea1, PA:ea1, PB2:am2.2, HA:ea1, NS:am1.1, NA:ea1, NP:am8","am4:23-001855-001:PB1, ea1:22-003707-003:MP, ea1:22-003707-003:PA, am2.2:22-010445-001:PB2, ea1:22-003707-003:HA, am1.1:22-010085-001:NS, ea1:22-003707-003:NA, am8:23-032005-001:NP","99.38%, 98.88%, 98.93%, 98.68%, 98.42%, 99.17%, 98.72%, 98.93%","14, 11, 23, 30, 27, 7, 18, 16",Ran on FASTA - No Coverage Report,USA,2024
105,SRR33830439,WGS,148.5,97115641,PRJNA1102327,SAMN48895433,Viral,38230360,USDA-NVSL,2025,public,"run.zq,fastq,run","s3,gs","s3.us-east-1,gs.us-east1",SRX29051315,USA,,USA,CATTLE,NextSeq 2000,25-015681-007,25-015681-007-original,PAIRED,RANDOM,VIRAL RNA,Influenza A virus,ILLUMINA,2025-06-06,2025-06-04 14:24:55,1,25-015681-007,SRP503016,,"MILK, BULK TANK",SRS25266471,False,,USA,SRR33830439,2025-06-06_07-56-20,SRR33830439.fa,B3.13,"MP:ea1, PA:ea1, NS:am1.1, HA:ea1, NA:ea1, PB2:am2.2, PB1:am4, NP:am8","ea1:22-003707-003:MP, ea1:22-003707-003:PA, am1.1:22-010085-001:NS, ea1:22-003707-003:HA, ea1:22-003707-003:NA, am2.2:22-010445-001:PB2, am4:23-001855-001:PB1, am8:23-032005-001:NP","98.98%, 98.88%, 98.93%, 98.06%, 98.72%, 98.33%, 99.52%, 98.86%","10, 24, 9, 33, 18, 38, 11, 17",Ran on FASTA - No Coverage Report,USA,2025
106,SRR33830440,WGS,148.09,131425996,PRJNA1102327,SAMN48895432,Viral,51549758,USDA-NVSL,2025,public,"run.zq,fastq,run","s3,gs","s3.us-east-1,gs.us-east1",SRX29051314,USA,,USA,CATTLE,NextSeq 2000,25-015681-006,25-015681-006-original,PAIRED,RANDOM,VIRAL RNA,Influenza A virus,ILLUMINA,2025-06-06,2025-06-04 14:24:49,1,25-015681-006,SRP503016,,"MILK, BULK TANK",SRS25266470,False,,USA,SRR33830440,2025-06-06_07-56-20,SRR33830440.fa,B3.13,"NA:ea1, PB1:am4, NP:am8, HA:ea1, PA:ea1, MP:ea1, NS:am1.1, PB2:am2.2","ea1:22-003707-003:NA, am4:23-001855-001:PB1, am8:23-032005-001:NP, ea1:22-003707-003:HA, ea1:22-003707-003:PA, ea1:22-003707-003:MP, am1.1:22-010085-001:NS, am2.2:22-010445-001:PB2","98.65%, 99.52%, 98.86%, 98.06%, 98.88%, 98.98%, 98.93%, 98.29%","19, 11, 17, 33, 24, 10, 9, 39",Ran on FASTA - No Coverage Report,USA,2025
107,SRR33830441,WGS,148.66,130011687,PRJNA1102327,SAMN48895431,Viral,51202710,USDA-NVSL,2025,public,"run.zq,fastq,run","s3,gs","s3.us-east-1,gs.us-east1",SRX29051313,USA,,USA,CATTLE,NextSeq 2000,25-015681-005,25-015681-005-original,PAIRED,RANDOM,VIRAL RNA,Influenza A virus,ILLUMINA,2025-06-06,2025-06-04 14:24:55,1,25-015681-005,SRP503016,,"MILK, BULK TANK",SRS25266469,False,,USA,SRR33830441,2025-06-06_07-56-21,SRR33830441.fa,B3.13,"PB2:am2.2, NP:am8, PB1:am4, NA:ea1, HA:ea1, NS:am1.1, PA:ea1, MP:ea1","am2.2:22-010445-001:PB2, am8:23-032005-001:NP, am4:23-001855-001:PB1, ea1:22-003707-003:NA, ea1:22-003707-003:HA, am1.1:22-010085-001:NS, ea1:22-003707-003:PA, ea1:22-003707-003:MP","98.29%, 98.93%, 99.52%, 98.72%, 98.06%, 98.93%, 98.88%, 98.98%","39, 16, 11, 18, 33, 9, 24, 10",Ran on FASTA - No Coverage Report,USA,2025
108,SRR33830442,WGS,148.02,131678617,PRJNA1102327,SAMN48895430,Viral,51880926,USDA-NVSL,2025,public,"run.zq,fastq,run","s3,gs","s3.us-east-1,gs.us-east1",SRX29051312,USA,,USA,CATTLE,NextSeq 2000,25-015681-004,25-015681-004-original,PAIRED,RANDOM,VIRAL RNA,Influenza A virus,ILLUMINA,2025-06-06,2025-06-04 14:24:56,1,25-015681-004,SRP503016,,"MILK, BULK TANK",SRS25266468,False,,USA,SRR33830442,2025-06-06_07-56-21,SRR33830442.fa,B3.13,"PB2:am2.2, HA:ea1, NA:ea1, MP:ea1, PA:ea1, PB1:am4, NS:am1.1, NP:am8","am2.2:22-010445-001:PB2, ea1:22-003707-003:HA, ea1:22-003707-003:NA, ea1:22-003707-003:MP, ea1:22-003707-003:PA, am4:23-001855-001:PB1, am1.1:22-010085-001:NS, am8:23-032005-001:NP","98.29%, 98.06%, 98.65%, 98.98%, 98.88%, 99.52%, 98.93%, 98.86%","39, 33, 19, 10, 24, 11, 9, 17",Ran on FASTA - No Coverage Report,USA,2025
109,SRR33830443,WGS,148.11,100597029,PRJNA1102327,SAMN48895429,Viral,39710063,USDA-NVSL,2025,public,"run.zq,fastq,run","s3,gs","s3.us-east-1,gs.us-east1",SRX29051311,USA,,USA,CATTLE,NextSeq 2000,25-015681-003,25-015681-003-original,PAIRED,RANDOM,VIRAL RNA,Influenza A virus,ILLUMINA,2025-06-06,2025-06-04 14:25:00,1,25-015681-003,SRP503016,,"MILK, BULK TANK",SRS25266467,False,,USA,SRR33830443,2025-06-06_07-56-21,SRR33830443.fa,B3.13,"NA:ea1, PB1:am4, MP:ea1, PA:ea1, NP:am8, HA:ea1, PB2:am2.2, NS:am1.1","ea1:22-003707-003:NA, am4:23-001855-001:PB1, ea1:22-003707-003:MP, ea1:22-003707-003:PA, am8:23-032005-001:NP, ea1:22-003707-003:HA, am2.2:22-010445-001:PB2, am1.1:22-010085-001:NS","98.72%, 99.52%, 98.98%, 98.88%, 98.86%, 98.06%, 98.33%, 98.93%","18, 11, 10, 24, 17, 33, 38, 9",Ran on FASTA - No Coverage Report,USA,2025
110,SRR33830444,WGS,148.5,131987248,PRJNA1102327,SAMN48895428,Viral,51617990,USDA-NVSL,2025,public,"run.zq,fastq,run","s3,gs","s3.us-east-1,gs.us-east1",SRX29051310,USA,,USA,CATTLE,NextSeq 2000,25-015681-002,25-015681-002-original,PAIRED,RANDOM,VIRAL RNA,Influenza A virus,ILLUMINA,2025-06-06,2025-06-04 14:25:01,1,25-015681-002,SRP503016,,"MILK, BULK TANK",SRS25266466,False,,USA,SRR33830444,2025-06-06_07-56-20,SRR33830444.fa,B3.13,"PA:ea1, NA:ea1, PB2:am2.2, NP:am8, HA:ea1, MP:ea1, PB1:am4, NS:am1.1","ea1:22-003707-003:PA, ea1:22-003707-003:NA, am2.2:22-010445-001:PB2, am8:23-032005-001:NP, ea1:22-003707-003:HA, ea1:22-003707-003:MP, am4:23-001855-001:PB1, am1.1:22-010085-001:NS","98.88%, 98.65%, 98.20%, 98.93%, 98.06%, 98.98%, 99.47%, 98.93%","24, 19, 41, 16, 33, 10, 12, 9",Ran on FASTA - No Coverage Report,USA,2025
111,SRR33830445,WGS,148.12,115677479,PRJNA1102327,SAMN48895427,Viral,45674405,USDA-NVSL,2025,public,"run.zq,fastq,run","s3,gs","s3.us-east-1,gs.us-east1",SRX29051309,USA,,USA,CATTLE,NextSeq 2000,25-015681-001,25-015681-001-original,PAIRED,RANDOM,VIRAL RNA,Influenza A virus,ILLUMINA,2025-06-06,2025-06-04 14:24:54,1,25-015681-001,SRP503016,,"MILK, BULK TANK",SRS25266465,False,,USA,SRR33830445,2025-06-06_07-56-21,SRR33830445.fa,B3.13,"NP:am8, HA:ea1, PA:ea1, NS:am1.1, PB1:am4, PB2:am2.2, NA:ea1, MP:ea1","am8:23-032005-001:NP, ea1:22-003707-003:HA, ea1:22-003707-003:PA, am1.1:22-010085-001:NS, am4:23-001855-001:PB1, am2.2:22-010445-001:PB2, ea1:22-003707-003:NA, ea1:22-003707-003:MP","98.93%, 98.24%, 98.79%, 98.93%, 99.56%, 98.51%, 98.65%, 98.88%","16, 30, 26, 9, 10, 34, 19, 11",Ran on FASTA - No Coverage Report,USA,2025
115,SRR33830449,WGS,131.52,67358891,PRJNA1102327,SAMN48895415,Viral,26336550,USDA-NVSL,2024,public,"run.zq,fastq,run","s3,gs","s3.us-east-1,gs.us-east1",SRX29051305,USA,,USA,CATTLE,NextSeq 2000,24-036379-001-tile,24-036379-001-tile,PAIRED,RANDOM,VIRAL RNA,Influenza A virus,ILLUMINA,2025-06-06,2025-06-04 14:24:53,1,24-036379-001-tile,SRP503016,,"MILK, BULK TANK",SRS25266461,False,,USA,SRR33830449,2025-06-06_07-56-20,SRR33830449.fa,B3.13,"NP:am8, NA:ea1, PB1:am4, HA:ea1, NS:am1.1, MP:ea1, PB2:am2.2, PA:ea1","am8:23-032005-001:NP, ea1:22-003707-003:NA, am4:23-001855-001:PB1, ea1:22-003707-003:HA, am1.1:22-010085-001:NS, ea1:22-003707-003:MP, am2.2:22-010445-001:PB2, ea1:22-003707-003:PA","98.93%, 98.86%, 99.47%, 98.43%, 99.17%, 98.95%, 98.64%, 98.88%","16, 16, 12, 12, 7, 10, 31, 24",Ran on FASTA - No Coverage Report,USA,2024
116,SRR33830450,WGS,131.13,69602732,PRJNA1102327,SAMN48895414,Viral,27556171,USDA-NVSL,2024,public,"run.zq,fastq,run","s3,gs","s3.us-east-1,gs.us-east1",SRX29051304,USA,,USA,CATTLE,NextSeq 2000,24-034788-001-tile,24-034788-001-tile,PAIRED,RANDOM,VIRAL RNA,Influenza A virus,ILLUMINA,2025-06-06,2025-06-04 14:24:53,1,24-034788-001-tile,SRP503016,,"MILK, BULK TANK",SRS25266460,False,,USA,SRR33830450,2025-06-06_07-56-20,SRR33830450.fa,B3.13,"HA:ea1, NA:ea1, NP:am8, PB2:am2.2, MP:ea1, PB1:am4, NS:am1.1, PA:ea1","ea1:22-003707-003:HA, ea1:22-003707-003:NA, am8:23-032005-001:NP, am2.2:22-010445-001:PB2, ea1:22-003707-003:MP, am4:23-001855-001:PB1, am1.1:22-010085-001:NS, ea1:22-003707-003:PA","98.92%, 98.71%, 99.00%, 98.55%, 98.74%, 99.47%, 99.05%, 98.93%","11, 12, 15, 33, 12, 12, 8, 23",Ran on FASTA - No Coverage Report,USA,2024
